boundary_id,impl_hash,role,machine,payload_size_bytes,operation,run,wall_clock_ms,component_work_ms,components_json,params_json,recipients,recipient_index,chunk_bytes,ciphertext_bytes,official_commit,official_version,source_hashes_json,dependency_versions_json,stream_format
GLSubmitCrypto/globaleaks-5.0.99/receipt-session-selfwrap-answers-filemeta-r5-gcev2-official-delivery/v1,0c83ba1681bd140e4f290506635869053deb5d50cd29d6138c03c1906332d6e4,comparison,xeon-server,10240,GLSubmitCrypto,1,1.381794000,1.369038000,"{""answers_encryption"":0.107908,""file_metadata_encryption"":0.322155,""gce_v2_delivery_encryption"":0.236669,""receipt_hash"":0.00434,""recipient_tip_key_wraps"":0.472872,""session_private_key_protection"":0.016019,""tip_keypair"":0.055781,""whistleblower_self_wrap"":0.102958,""whistleblower_session_public_key"":0.050336}","{""chunk_bytes"":65536,""payload_size_bytes"":10240,""recipient_index"":""all"",""recipients"":5,""stream_format"":""GCE-v2-SecretStream""}",5,all,65536,10470,8e015fd4cb8d56c54b8c9d9e0e695d6e815510f5,5.0.99,"{""backend/globaleaks/handlers/recipient/rtip.py"":""cb3235078545a5ea8d2ce8f6d4f9718499a29c26de49e2f9b763cc2f72e73e3e"",""backend/globaleaks/handlers/whistleblower/submission.py"":""5b0ffa938b25364c1b8ae8b2d14b7fa63c720c09f02ecf8f495b9a1d01190953"",""backend/globaleaks/jobs/delivery.py"":""7146617caa85fe73ab72fb5d051395f21e93091a91c801217d52455195323863"",""backend/globaleaks/utils/crypto.py"":""feccc66f8dba25ab9aa903260409bfd6e3a819b3b9634f9d9f2c290bee2521b5"",""backend/requirements/requirements.txt.noble"":""8eae78b00ac8762b4ccaaee6db49cc6acd8b95583d98ecbdd6fe8e22055ec199""}","{""PyNaCl"":""1.5.0"",""Twisted"":""24.3.0"",""cryptography"":""41.0.7"",""pyotp"":""2.9.0""}",GCE-v2-SecretStream
GLSubmitCrypto/globaleaks-5.0.99/receipt-session-selfwrap-answers-filemeta-r5-gcev2-official-delivery/v1,0c83ba1681bd140e4f290506635869053deb5d50cd29d6138c03c1906332d6e4,comparison,xeon-server,10240,GLSubmitCrypto,2,1.410920000,1.396632000,"{""answers_encryption"":0.107641,""file_metadata_encryption"":0.306146,""gce_v2_delivery_encryption"":0.228198,""receipt_hash"":0.005056,""recipient_tip_key_wraps"":0.513905,""session_private_key_protection"":0.020219,""tip_keypair"":0.05815,""whistleblower_self_wrap"":0.105566,""whistleblower_session_public_key"":0.051751}","{""chunk_bytes"":65536,""payload_size_bytes"":10240,""recipient_index"":""all"",""recipients"":5,""stream_format"":""GCE-v2-SecretStream""}",5,all,65536,10925,8e015fd4cb8d56c54b8c9d9e0e695d6e815510f5,5.0.99,"{""backend/globaleaks/handlers/recipient/rtip.py"":""cb3235078545a5ea8d2ce8f6d4f9718499a29c26de49e2f9b763cc2f72e73e3e"",""backend/globaleaks/handlers/whistleblower/submission.py"":""5b0ffa938b25364c1b8ae8b2d14b7fa63c720c09f02ecf8f495b9a1d01190953"",""backend/globaleaks/jobs/delivery.py"":""7146617caa85fe73ab72fb5d051395f21e93091a91c801217d52455195323863"",""backend/globaleaks/utils/crypto.py"":""feccc66f8dba25ab9aa903260409bfd6e3a819b3b9634f9d9f2c290bee2521b5"",""backend/requirements/requirements.txt.noble"":""8eae78b00ac8762b4ccaaee6db49cc6acd8b95583d98ecbdd6fe8e22055ec199""}","{""PyNaCl"":""1.5.0"",""Twisted"":""24.3.0"",""cryptography"":""41.0.7"",""pyotp"":""2.9.0""}",GCE-v2-SecretStream
GLSubmitCrypto/globaleaks-5.0.99/receipt-session-selfwrap-answers-filemeta-r5-gcev2-official-delivery/v1,0c83ba1681bd140e4f290506635869053deb5d50cd29d6138c03c1906332d6e4,comparison,xeon-server,10240,GLSubmitCrypto,3,1.408015000,1.389113000,"{""answers_encryption"":0.107672,""file_metadata_encryption"":0.312576,""gce_v2_delivery_encryption"":0.225135,""receipt_hash"":0.004975,""recipient_tip_key_wraps"":0.507693,""session_private_key_protection"":0.018103,""tip_keypair"":0.056634,""whistleblower_self_wrap"":0.105209,""whistleblower_session_public_key"":0.051116}","{""chunk_bytes"":65536,""payload_size_bytes"":10240,""recipient_index"":""all"",""recipients"":5,""stream_format"":""GCE-v2-SecretStream""}",5,all,65536,10487,8e015fd4cb8d56c54b8c9d9e0e695d6e815510f5,5.0.99,"{""backend/globaleaks/handlers/recipient/rtip.py"":""cb3235078545a5ea8d2ce8f6d4f9718499a29c26de49e2f9b763cc2f72e73e3e"",""backend/globaleaks/handlers/whistleblower/submission.py"":""5b0ffa938b25364c1b8ae8b2d14b7fa63c720c09f02ecf8f495b9a1d01190953"",""backend/globaleaks/jobs/delivery.py"":""7146617caa85fe73ab72fb5d051395f21e93091a91c801217d52455195323863"",""backend/globaleaks/utils/crypto.py"":""feccc66f8dba25ab9aa903260409bfd6e3a819b3b9634f9d9f2c290bee2521b5"",""backend/requirements/requirements.txt.noble"":""8eae78b00ac8762b4ccaaee6db49cc6acd8b95583d98ecbdd6fe8e22055ec199""}","{""PyNaCl"":""1.5.0"",""Twisted"":""24.3.0"",""cryptography"":""41.0.7"",""pyotp"":""2.9.0""}",GCE-v2-SecretStream
GLSubmitCrypto/globaleaks-5.0.99/receipt-session-selfwrap-answers-filemeta-r5-gcev2-official-delivery/v1,0c83ba1681bd140e4f290506635869053deb5d50cd29d6138c03c1906332d6e4,comparison,xeon-server,10240,GLSubmitCrypto,4,1.410292000,1.396660000,"{""answers_encryption"":0.107995,""file_metadata_encryption"":0.306115,""gce_v2_delivery_encryption"":0.232947,""receipt_hash"":0.004797,""recipient_tip_key_wraps"":0.512285,""session_private_key_protection"":0.019334,""tip_keypair"":0.056512,""whistleblower_self_wrap"":0.105188,""whistleblower_session_public_key"":0.051487}","{""chunk_bytes"":65536,""payload_size_bytes"":10240,""recipient_index"":""all"",""recipients"":5,""stream_format"":""GCE-v2-SecretStream""}",5,all,65536,10927,8e015fd4cb8d56c54b8c9d9e0e695d6e815510f5,5.0.99,"{""backend/globaleaks/handlers/recipient/rtip.py"":""cb3235078545a5ea8d2ce8f6d4f9718499a29c26de49e2f9b763cc2f72e73e3e"",""backend/globaleaks/handlers/whistleblower/submission.py"":""5b0ffa938b25364c1b8ae8b2d14b7fa63c720c09f02ecf8f495b9a1d01190953"",""backend/globaleaks/jobs/delivery.py"":""7146617caa85fe73ab72fb5d051395f21e93091a91c801217d52455195323863"",""backend/globaleaks/utils/crypto.py"":""feccc66f8dba25ab9aa903260409bfd6e3a819b3b9634f9d9f2c290bee2521b5"",""backend/requirements/requirements.txt.noble"":""8eae78b00ac8762b4ccaaee6db49cc6acd8b95583d98ecbdd6fe8e22055ec199""}","{""PyNaCl"":""1.5.0"",""Twisted"":""24.3.0"",""cryptography"":""41.0.7"",""pyotp"":""2.9.0""}",GCE-v2-SecretStream
GLSubmitCrypto/globaleaks-5.0.99/receipt-session-selfwrap-answers-filemeta-r5-gcev2-official-delivery/v1,0c83ba1681bd140e4f290506635869053deb5d50cd29d6138c03c1906332d6e4,comparison,xeon-server,10240,GLSubmitCrypto,5,1.673489000,1.659665000,"{""answers_encryption"":0.107731,""file_metadata_encryption"":0.312893,""gce_v2_delivery_encryption"":0.233193,""receipt_hash"":0.00482,""recipient_tip_key_wraps"":0.767909,""session_private_key_protection"":0.019956,""tip_keypair"":0.05654,""whistleblower_self_wrap"":0.105173,""whistleblower_session_public_key"":0.05145}","{""chunk_bytes"":65536,""payload_size_bytes"":10240,""recipient_index"":""all"",""recipients"":5,""stream_format"":""GCE-v2-SecretStream""}",5,all,65536,10515,8e015fd4cb8d56c54b8c9d9e0e695d6e815510f5,5.0.99,"{""backend/globaleaks/handlers/recipient/rtip.py"":""cb3235078545a5ea8d2ce8f6d4f9718499a29c26de49e2f9b763cc2f72e73e3e"",""backend/globaleaks/handlers/whistleblower/submission.py"":""5b0ffa938b25364c1b8ae8b2d14b7fa63c720c09f02ecf8f495b9a1d01190953"",""backend/globaleaks/jobs/delivery.py"":""7146617caa85fe73ab72fb5d051395f21e93091a91c801217d52455195323863"",""backend/globaleaks/utils/crypto.py"":""feccc66f8dba25ab9aa903260409bfd6e3a819b3b9634f9d9f2c290bee2521b5"",""backend/requirements/requirements.txt.noble"":""8eae78b00ac8762b4ccaaee6db49cc6acd8b95583d98ecbdd6fe8e22055ec199""}","{""PyNaCl"":""1.5.0"",""Twisted"":""24.3.0"",""cryptography"":""41.0.7"",""pyotp"":""2.9.0""}",GCE-v2-SecretStream
GLSubmitCrypto/globaleaks-5.0.99/receipt-session-selfwrap-answers-filemeta-r5-gcev2-official-delivery/v1,0c83ba1681bd140e4f290506635869053deb5d50cd29d6138c03c1906332d6e4,comparison,xeon-server,10240,GLSubmitCrypto,6,1.397685000,1.384003000,"{""answers_encryption"":0.106479,""file_metadata_encryption"":0.303692,""gce_v2_delivery_encryption"":0.222246,""receipt_hash"":0.005433,""recipient_tip_key_wraps"":0.519011,""session_private_key_protection"":0.016872,""tip_keypair"":0.055858,""whistleblower_self_wrap"":0.103762,""whistleblower_session_public_key"":0.05065}","{""chunk_bytes"":65536,""payload_size_bytes"":10240,""recipient_index"":""all"",""recipients"":5,""stream_format"":""GCE-v2-SecretStream""}",5,all,65536,10897,8e015fd4cb8d56c54b8c9d9e0e695d6e815510f5,5.0.99,"{""backend/globaleaks/handlers/recipient/rtip.py"":""cb3235078545a5ea8d2ce8f6d4f9718499a29c26de49e2f9b763cc2f72e73e3e"",""backend/globaleaks/handlers/whistleblower/submission.py"":""5b0ffa938b25364c1b8ae8b2d14b7fa63c720c09f02ecf8f495b9a1d01190953"",""backend/globaleaks/jobs/delivery.py"":""7146617caa85fe73ab72fb5d051395f21e93091a91c801217d52455195323863"",""backend/globaleaks/utils/crypto.py"":""feccc66f8dba25ab9aa903260409bfd6e3a819b3b9634f9d9f2c290bee2521b5"",""backend/requirements/requirements.txt.noble"":""8eae78b00ac8762b4ccaaee6db49cc6acd8b95583d98ecbdd6fe8e22055ec199""}","{""PyNaCl"":""1.5.0"",""Twisted"":""24.3.0"",""cryptography"":""41.0.7"",""pyotp"":""2.9.0""}",GCE-v2-SecretStream
GLSubmitCrypto/globaleaks-5.0.99/receipt-session-selfwrap-answers-filemeta-r5-gcev2-official-delivery/v1,0c83ba1681bd140e4f290506635869053deb5d50cd29d6138c03c1906332d6e4,comparison,xeon-server,10240,GLSubmitCrypto,7,1.410963000,1.397311000,"{""answers_encryption"":0.106774,""file_metadata_encryption"":0.304177,""gce_v2_delivery_encryption"":0.228096,""receipt_hash"":0.00481,""recipient_tip_key_wraps"":0.503134,""session_private_key_protection"":0.017721,""tip_keypair"":0.071189,""whistleblower_self_wrap"":0.110738,""whistleblower_session_public_key"":0.050672}","{""chunk_bytes"":65536,""payload_size_bytes"":10240,""recipient_index"":""all"",""recipients"":5,""stream_format"":""GCE-v2-SecretStream""}",5,all,65536,10515,8e015fd4cb8d56c54b8c9d9e0e695d6e815510f5,5.0.99,"{""backend/globaleaks/handlers/recipient/rtip.py"":""cb3235078545a5ea8d2ce8f6d4f9718499a29c26de49e2f9b763cc2f72e73e3e"",""backend/globaleaks/handlers/whistleblower/submission.py"":""5b0ffa938b25364c1b8ae8b2d14b7fa63c720c09f02ecf8f495b9a1d01190953"",""backend/globaleaks/jobs/delivery.py"":""7146617caa85fe73ab72fb5d051395f21e93091a91c801217d52455195323863"",""backend/globaleaks/utils/crypto.py"":""feccc66f8dba25ab9aa903260409bfd6e3a819b3b9634f9d9f2c290bee2521b5"",""backend/requirements/requirements.txt.noble"":""8eae78b00ac8762b4ccaaee6db49cc6acd8b95583d98ecbdd6fe8e22055ec199""}","{""PyNaCl"":""1.5.0"",""Twisted"":""24.3.0"",""cryptography"":""41.0.7"",""pyotp"":""2.9.0""}",GCE-v2-SecretStream
GLSubmitCrypto/globaleaks-5.0.99/receipt-session-selfwrap-answers-filemeta-r5-gcev2-official-delivery/v1,0c83ba1681bd140e4f290506635869053deb5d50cd29d6138c03c1906332d6e4,comparison,xeon-server,10240,GLSubmitCrypto,8,1.391675000,1.378659000,"{""answers_encryption"":0.106127,""file_metadata_encryption"":0.303865,""gce_v2_delivery_encryption"":0.224711,""receipt_hash"":0.005018,""recipient_tip_key_wraps"":0.509043,""session_private_key_protection"":0.019352,""tip_keypair"":0.055966,""whistleblower_self_wrap"":0.103905,""whistleblower_session_public_key"":0.050672}","{""chunk_bytes"":65536,""payload_size_bytes"":10240,""recipient_index"":""all"",""recipients"":5,""stream_format"":""GCE-v2-SecretStream""}",5,all,65536,10674,8e015fd4cb8d56c54b8c9d9e0e695d6e815510f5,5.0.99,"{""backend/globaleaks/handlers/recipient/rtip.py"":""cb3235078545a5ea8d2ce8f6d4f9718499a29c26de49e2f9b763cc2f72e73e3e"",""backend/globaleaks/handlers/whistleblower/submission.py"":""5b0ffa938b25364c1b8ae8b2d14b7fa63c720c09f02ecf8f495b9a1d01190953"",""backend/globaleaks/jobs/delivery.py"":""7146617caa85fe73ab72fb5d051395f21e93091a91c801217d52455195323863"",""backend/globaleaks/utils/crypto.py"":""feccc66f8dba25ab9aa903260409bfd6e3a819b3b9634f9d9f2c290bee2521b5"",""backend/requirements/requirements.txt.noble"":""8eae78b00ac8762b4ccaaee6db49cc6acd8b95583d98ecbdd6fe8e22055ec199""}","{""PyNaCl"":""1.5.0"",""Twisted"":""24.3.0"",""cryptography"":""41.0.7"",""pyotp"":""2.9.0""}",GCE-v2-SecretStream
GLSubmitCrypto/globaleaks-5.0.99/receipt-session-selfwrap-answers-filemeta-r5-gcev2-official-delivery/v1,0c83ba1681bd140e4f290506635869053deb5d50cd29d6138c03c1906332d6e4,comparison,xeon-server,10240,GLSubmitCrypto,9,1.394218000,1.380798000,"{""answers_encryption"":0.113229,""file_metadata_encryption"":0.303998,""gce_v2_delivery_encryption"":0.226237,""receipt_hash"":0.004886,""recipient_tip_key_wraps"":0.503263,""session_private_key_protection"":0.019082,""tip_keypair"":0.055633,""whistleblower_self_wrap"":0.103879,""whistleblower_session_public_key"":0.050591}","{""chunk_bytes"":65536,""payload_size_bytes"":10240,""recipient_index"":""all"",""recipients"":5,""stream_format"":""GCE-v2-SecretStream""}",5,all,65536,10544,8e015fd4cb8d56c54b8c9d9e0e695d6e815510f5,5.0.99,"{""backend/globaleaks/handlers/recipient/rtip.py"":""cb3235078545a5ea8d2ce8f6d4f9718499a29c26de49e2f9b763cc2f72e73e3e"",""backend/globaleaks/handlers/whistleblower/submission.py"":""5b0ffa938b25364c1b8ae8b2d14b7fa63c720c09f02ecf8f495b9a1d01190953"",""backend/globaleaks/jobs/delivery.py"":""7146617caa85fe73ab72fb5d051395f21e93091a91c801217d52455195323863"",""backend/globaleaks/utils/crypto.py"":""feccc66f8dba25ab9aa903260409bfd6e3a819b3b9634f9d9f2c290bee2521b5"",""backend/requirements/requirements.txt.noble"":""8eae78b00ac8762b4ccaaee6db49cc6acd8b95583d98ecbdd6fe8e22055ec199""}","{""PyNaCl"":""1.5.0"",""Twisted"":""24.3.0"",""cryptography"":""41.0.7"",""pyotp"":""2.9.0""}",GCE-v2-SecretStream
GLSubmitCrypto/globaleaks-5.0.99/receipt-session-selfwrap-answers-filemeta-r5-gcev2-official-delivery/v1,0c83ba1681bd140e4f290506635869053deb5d50cd29d6138c03c1906332d6e4,comparison,xeon-server,10240,GLSubmitCrypto,10,1.387709000,1.374480000,"{""answers_encryption"":0.106759,""file_metadata_encryption"":0.304016,""gce_v2_delivery_encryption"":0.221699,""receipt_hash"":0.004722,""recipient_tip_key_wraps"":0.508652,""session_private_key_protection"":0.018157,""tip_keypair"":0.056037,""whistleblower_self_wrap"":0.103765,""whistleblower_session_public_key"":0.050673}","{""chunk_bytes"":65536,""payload_size_bytes"":10240,""recipient_index"":""all"",""recipients"":5,""stream_format"":""GCE-v2-SecretStream""}",5,all,65536,10504,8e015fd4cb8d56c54b8c9d9e0e695d6e815510f5,5.0.99,"{""backend/globaleaks/handlers/recipient/rtip.py"":""cb3235078545a5ea8d2ce8f6d4f9718499a29c26de49e2f9b763cc2f72e73e3e"",""backend/globaleaks/handlers/whistleblower/submission.py"":""5b0ffa938b25364c1b8ae8b2d14b7fa63c720c09f02ecf8f495b9a1d01190953"",""backend/globaleaks/jobs/delivery.py"":""7146617caa85fe73ab72fb5d051395f21e93091a91c801217d52455195323863"",""backend/globaleaks/utils/crypto.py"":""feccc66f8dba25ab9aa903260409bfd6e3a819b3b9634f9d9f2c290bee2521b5"",""backend/requirements/requirements.txt.noble"":""8eae78b00ac8762b4ccaaee6db49cc6acd8b95583d98ecbdd6fe8e22055ec199""}","{""PyNaCl"":""1.5.0"",""Twisted"":""24.3.0"",""cryptography"":""41.0.7"",""pyotp"":""2.9.0""}",GCE-v2-SecretStream
GLSubmitCrypto/globaleaks-5.0.99/receipt-session-selfwrap-answers-filemeta-r5-gcev2-official-delivery/v1,0c83ba1681bd140e4f290506635869053deb5d50cd29d6138c03c1906332d6e4,comparison,xeon-server,10240,GLSubmitCrypto,11,1.452961000,1.437206000,"{""answers_encryption"":0.112681,""file_metadata_encryption"":0.304517,""gce_v2_delivery_encryption"":0.284518,""receipt_hash"":0.004885,""recipient_tip_key_wraps"":0.503247,""session_private_key_protection"":0.017433,""tip_keypair"":0.055433,""whistleblower_self_wrap"":0.103902,""whistleblower_session_public_key"":0.05059}","{""chunk_bytes"":65536,""payload_size_bytes"":10240,""recipient_index"":""all"",""recipients"":5,""stream_format"":""GCE-v2-SecretStream""}",5,all,65536,10655,8e015fd4cb8d56c54b8c9d9e0e695d6e815510f5,5.0.99,"{""backend/globaleaks/handlers/recipient/rtip.py"":""cb3235078545a5ea8d2ce8f6d4f9718499a29c26de49e2f9b763cc2f72e73e3e"",""backend/globaleaks/handlers/whistleblower/submission.py"":""5b0ffa938b25364c1b8ae8b2d14b7fa63c720c09f02ecf8f495b9a1d01190953"",""backend/globaleaks/jobs/delivery.py"":""7146617caa85fe73ab72fb5d051395f21e93091a91c801217d52455195323863"",""backend/globaleaks/utils/crypto.py"":""feccc66f8dba25ab9aa903260409bfd6e3a819b3b9634f9d9f2c290bee2521b5"",""backend/requirements/requirements.txt.noble"":""8eae78b00ac8762b4ccaaee6db49cc6acd8b95583d98ecbdd6fe8e22055ec199""}","{""PyNaCl"":""1.5.0"",""Twisted"":""24.3.0"",""cryptography"":""41.0.7"",""pyotp"":""2.9.0""}",GCE-v2-SecretStream
GLSubmitCrypto/globaleaks-5.0.99/receipt-session-selfwrap-answers-filemeta-r5-gcev2-official-delivery/v1,0c83ba1681bd140e4f290506635869053deb5d50cd29d6138c03c1906332d6e4,comparison,xeon-server,10240,GLSubmitCrypto,12,1.687968000,1.670640000,"{""answers_encryption"":0.158465,""file_metadata_encryption"":0.416406,""gce_v2_delivery_encryption"":0.226513,""receipt_hash"":0.006753,""recipient_tip_key_wraps"":0.50645,""session_private_key_protection"":0.026337,""tip_keypair"":0.08298,""whistleblower_self_wrap"":0.154663,""whistleblower_session_public_key"":0.092073}","{""chunk_bytes"":65536,""payload_size_bytes"":10240,""recipient_index"":""all"",""recipients"":5,""stream_format"":""GCE-v2-SecretStream""}",5,all,65536,10769,8e015fd4cb8d56c54b8c9d9e0e695d6e815510f5,5.0.99,"{""backend/globaleaks/handlers/recipient/rtip.py"":""cb3235078545a5ea8d2ce8f6d4f9718499a29c26de49e2f9b763cc2f72e73e3e"",""backend/globaleaks/handlers/whistleblower/submission.py"":""5b0ffa938b25364c1b8ae8b2d14b7fa63c720c09f02ecf8f495b9a1d01190953"",""backend/globaleaks/jobs/delivery.py"":""7146617caa85fe73ab72fb5d051395f21e93091a91c801217d52455195323863"",""backend/globaleaks/utils/crypto.py"":""feccc66f8dba25ab9aa903260409bfd6e3a819b3b9634f9d9f2c290bee2521b5"",""backend/requirements/requirements.txt.noble"":""8eae78b00ac8762b4ccaaee6db49cc6acd8b95583d98ecbdd6fe8e22055ec199""}","{""PyNaCl"":""1.5.0"",""Twisted"":""24.3.0"",""cryptography"":""41.0.7"",""pyotp"":""2.9.0""}",GCE-v2-SecretStream
GLSubmitCrypto/globaleaks-5.0.99/receipt-session-selfwrap-answers-filemeta-r5-gcev2-official-delivery/v1,0c83ba1681bd140e4f290506635869053deb5d50cd29d6138c03c1906332d6e4,comparison,xeon-server,10240,GLSubmitCrypto,13,1.393722000,1.380347000,"{""answers_encryption"":0.106471,""file_metadata_encryption"":0.302418,""gce_v2_delivery_encryption"":0.229906,""receipt_hash"":0.005079,""recipient_tip_key_wraps"":0.501485,""session_private_key_protection"":0.018289,""tip_keypair"":0.061761,""whistleblower_self_wrap"":0.104262,""whistleblower_session_public_key"":0.050676}","{""chunk_bytes"":65536,""payload_size_bytes"":10240,""recipient_index"":""all"",""recipients"":5,""stream_format"":""GCE-v2-SecretStream""}",5,all,65536,10774,8e015fd4cb8d56c54b8c9d9e0e695d6e815510f5,5.0.99,"{""backend/globaleaks/handlers/recipient/rtip.py"":""cb3235078545a5ea8d2ce8f6d4f9718499a29c26de49e2f9b763cc2f72e73e3e"",""backend/globaleaks/handlers/whistleblower/submission.py"":""5b0ffa938b25364c1b8ae8b2d14b7fa63c720c09f02ecf8f495b9a1d01190953"",""backend/globaleaks/jobs/delivery.py"":""7146617caa85fe73ab72fb5d051395f21e93091a91c801217d52455195323863"",""backend/globaleaks/utils/crypto.py"":""feccc66f8dba25ab9aa903260409bfd6e3a819b3b9634f9d9f2c290bee2521b5"",""backend/requirements/requirements.txt.noble"":""8eae78b00ac8762b4ccaaee6db49cc6acd8b95583d98ecbdd6fe8e22055ec199""}","{""PyNaCl"":""1.5.0"",""Twisted"":""24.3.0"",""cryptography"":""41.0.7"",""pyotp"":""2.9.0""}",GCE-v2-SecretStream
GLSubmitCrypto/globaleaks-5.0.99/receipt-session-selfwrap-answers-filemeta-r5-gcev2-official-delivery/v1,0c83ba1681bd140e4f290506635869053deb5d50cd29d6138c03c1906332d6e4,comparison,xeon-server,10240,GLSubmitCrypto,14,1.427952000,1.414765000,"{""answers_encryption"":0.107168,""file_metadata_encryption"":0.312765,""gce_v2_delivery_encryption"":0.228047,""receipt_hash"":0.005223,""recipient_tip_key_wraps"":0.529949,""session_private_key_protection"":0.019405,""tip_keypair"":0.056358,""whistleblower_self_wrap"":0.104766,""whistleblower_session_public_key"":0.051084}","{""chunk_bytes"":65536,""payload_size_bytes"":10240,""recipient_index"":""all"",""recipients"":5,""stream_format"":""GCE-v2-SecretStream""}",5,all,65536,10818,8e015fd4cb8d56c54b8c9d9e0e695d6e815510f5,5.0.99,"{""backend/globaleaks/handlers/recipient/rtip.py"":""cb3235078545a5ea8d2ce8f6d4f9718499a29c26de49e2f9b763cc2f72e73e3e"",""backend/globaleaks/handlers/whistleblower/submission.py"":""5b0ffa938b25364c1b8ae8b2d14b7fa63c720c09f02ecf8f495b9a1d01190953"",""backend/globaleaks/jobs/delivery.py"":""7146617caa85fe73ab72fb5d051395f21e93091a91c801217d52455195323863"",""backend/globaleaks/utils/crypto.py"":""feccc66f8dba25ab9aa903260409bfd6e3a819b3b9634f9d9f2c290bee2521b5"",""backend/requirements/requirements.txt.noble"":""8eae78b00ac8762b4ccaaee6db49cc6acd8b95583d98ecbdd6fe8e22055ec199""}","{""PyNaCl"":""1.5.0"",""Twisted"":""24.3.0"",""cryptography"":""41.0.7"",""pyotp"":""2.9.0""}",GCE-v2-SecretStream
GLSubmitCrypto/globaleaks-5.0.99/receipt-session-selfwrap-answers-filemeta-r5-gcev2-official-delivery/v1,0c83ba1681bd140e4f290506635869053deb5d50cd29d6138c03c1906332d6e4,comparison,xeon-server,10240,GLSubmitCrypto,15,1.390693000,1.377623000,"{""answers_encryption"":0.105977,""file_metadata_encryption"":0.303043,""gce_v2_delivery_encryption"":0.220997,""receipt_hash"":0.004912,""recipient_tip_key_wraps"":0.507549,""session_private_key_protection"":0.019099,""tip_keypair"":0.06124,""whistleblower_self_wrap"":0.10426,""whistleblower_session_public_key"":0.050546}","{""chunk_bytes"":65536,""payload_size_bytes"":10240,""recipient_index"":""all"",""recipients"":5,""stream_format"":""GCE-v2-SecretStream""}",5,all,65536,10753,8e015fd4cb8d56c54b8c9d9e0e695d6e815510f5,5.0.99,"{""backend/globaleaks/handlers/recipient/rtip.py"":""cb3235078545a5ea8d2ce8f6d4f9718499a29c26de49e2f9b763cc2f72e73e3e"",""backend/globaleaks/handlers/whistleblower/submission.py"":""5b0ffa938b25364c1b8ae8b2d14b7fa63c720c09f02ecf8f495b9a1d01190953"",""backend/globaleaks/jobs/delivery.py"":""7146617caa85fe73ab72fb5d051395f21e93091a91c801217d52455195323863"",""backend/globaleaks/utils/crypto.py"":""feccc66f8dba25ab9aa903260409bfd6e3a819b3b9634f9d9f2c290bee2521b5"",""backend/requirements/requirements.txt.noble"":""8eae78b00ac8762b4ccaaee6db49cc6acd8b95583d98ecbdd6fe8e22055ec199""}","{""PyNaCl"":""1.5.0"",""Twisted"":""24.3.0"",""cryptography"":""41.0.7"",""pyotp"":""2.9.0""}",GCE-v2-SecretStream
GLSubmitCrypto/globaleaks-5.0.99/receipt-session-selfwrap-answers-filemeta-r5-gcev2-official-delivery/v1,0c83ba1681bd140e4f290506635869053deb5d50cd29d6138c03c1906332d6e4,comparison,xeon-server,10240,GLSubmitCrypto,16,1.385014000,1.372117000,"{""answers_encryption"":0.106231,""file_metadata_encryption"":0.308765,""gce_v2_delivery_encryption"":0.220912,""receipt_hash"":0.004882,""recipient_tip_key_wraps"":0.503138,""session_private_key_protection"":0.017438,""tip_keypair"":0.055496,""whistleblower_self_wrap"":0.103941,""whistleblower_session_public_key"":0.051314}","{""chunk_bytes"":65536,""payload_size_bytes"":10240,""recipient_index"":""all"",""recipients"":5,""stream_format"":""GCE-v2-SecretStream""}",5,all,65536,10506,8e015fd4cb8d56c54b8c9d9e0e695d6e815510f5,5.0.99,"{""backend/globaleaks/handlers/recipient/rtip.py"":""cb3235078545a5ea8d2ce8f6d4f9718499a29c26de49e2f9b763cc2f72e73e3e"",""backend/globaleaks/handlers/whistleblower/submission.py"":""5b0ffa938b25364c1b8ae8b2d14b7fa63c720c09f02ecf8f495b9a1d01190953"",""backend/globaleaks/jobs/delivery.py"":""7146617caa85fe73ab72fb5d051395f21e93091a91c801217d52455195323863"",""backend/globaleaks/utils/crypto.py"":""feccc66f8dba25ab9aa903260409bfd6e3a819b3b9634f9d9f2c290bee2521b5"",""backend/requirements/requirements.txt.noble"":""8eae78b00ac8762b4ccaaee6db49cc6acd8b95583d98ecbdd6fe8e22055ec199""}","{""PyNaCl"":""1.5.0"",""Twisted"":""24.3.0"",""cryptography"":""41.0.7"",""pyotp"":""2.9.0""}",GCE-v2-SecretStream
GLSubmitCrypto/globaleaks-5.0.99/receipt-session-selfwrap-answers-filemeta-r5-gcev2-official-delivery/v1,0c83ba1681bd140e4f290506635869053deb5d50cd29d6138c03c1906332d6e4,comparison,xeon-server,10240,GLSubmitCrypto,17,1.406747000,1.392442000,"{""answers_encryption"":0.106496,""file_metadata_encryption"":0.303928,""gce_v2_delivery_encryption"":0.223305,""receipt_hash"":0.004971,""recipient_tip_key_wraps"":0.508899,""session_private_key_protection"":0.033661,""tip_keypair"":0.055412,""whistleblower_self_wrap"":0.105048,""whistleblower_session_public_key"":0.050722}","{""chunk_bytes"":65536,""payload_size_bytes"":10240,""recipient_index"":""all"",""recipients"":5,""stream_format"":""GCE-v2-SecretStream""}",5,all,65536,10443,8e015fd4cb8d56c54b8c9d9e0e695d6e815510f5,5.0.99,"{""backend/globaleaks/handlers/recipient/rtip.py"":""cb3235078545a5ea8d2ce8f6d4f9718499a29c26de49e2f9b763cc2f72e73e3e"",""backend/globaleaks/handlers/whistleblower/submission.py"":""5b0ffa938b25364c1b8ae8b2d14b7fa63c720c09f02ecf8f495b9a1d01190953"",""backend/globaleaks/jobs/delivery.py"":""7146617caa85fe73ab72fb5d051395f21e93091a91c801217d52455195323863"",""backend/globaleaks/utils/crypto.py"":""feccc66f8dba25ab9aa903260409bfd6e3a819b3b9634f9d9f2c290bee2521b5"",""backend/requirements/requirements.txt.noble"":""8eae78b00ac8762b4ccaaee6db49cc6acd8b95583d98ecbdd6fe8e22055ec199""}","{""PyNaCl"":""1.5.0"",""Twisted"":""24.3.0"",""cryptography"":""41.0.7"",""pyotp"":""2.9.0""}",GCE-v2-SecretStream
GLSubmitCrypto/globaleaks-5.0.99/receipt-session-selfwrap-answers-filemeta-r5-gcev2-official-delivery/v1,0c83ba1681bd140e4f290506635869053deb5d50cd29d6138c03c1906332d6e4,comparison,xeon-server,10240,GLSubmitCrypto,18,1.392080000,1.378732000,"{""answers_encryption"":0.106369,""file_metadata_encryption"":0.303497,""gce_v2_delivery_encryption"":0.225009,""receipt_hash"":0.004937,""recipient_tip_key_wraps"":0.510405,""session_private_key_protection"":0.018057,""tip_keypair"":0.05578,""whistleblower_self_wrap"":0.104056,""whistleblower_session_public_key"":0.050622}","{""chunk_bytes"":65536,""payload_size_bytes"":10240,""recipient_index"":""all"",""recipients"":5,""stream_format"":""GCE-v2-SecretStream""}",5,all,65536,10614,8e015fd4cb8d56c54b8c9d9e0e695d6e815510f5,5.0.99,"{""backend/globaleaks/handlers/recipient/rtip.py"":""cb3235078545a5ea8d2ce8f6d4f9718499a29c26de49e2f9b763cc2f72e73e3e"",""backend/globaleaks/handlers/whistleblower/submission.py"":""5b0ffa938b25364c1b8ae8b2d14b7fa63c720c09f02ecf8f495b9a1d01190953"",""backend/globaleaks/jobs/delivery.py"":""7146617caa85fe73ab72fb5d051395f21e93091a91c801217d52455195323863"",""backend/globaleaks/utils/crypto.py"":""feccc66f8dba25ab9aa903260409bfd6e3a819b3b9634f9d9f2c290bee2521b5"",""backend/requirements/requirements.txt.noble"":""8eae78b00ac8762b4ccaaee6db49cc6acd8b95583d98ecbdd6fe8e22055ec199""}","{""PyNaCl"":""1.5.0"",""Twisted"":""24.3.0"",""cryptography"":""41.0.7"",""pyotp"":""2.9.0""}",GCE-v2-SecretStream
GLSubmitCrypto/globaleaks-5.0.99/receipt-session-selfwrap-answers-filemeta-r5-gcev2-official-delivery/v1,0c83ba1681bd140e4f290506635869053deb5d50cd29d6138c03c1906332d6e4,comparison,xeon-server,10240,GLSubmitCrypto,19,1.400493000,1.387351000,"{""answers_encryption"":0.106668,""file_metadata_encryption"":0.30284,""gce_v2_delivery_encryption"":0.235607,""receipt_hash"":0.004943,""recipient_tip_key_wraps"":0.502385,""session_private_key_protection"":0.018209,""tip_keypair"":0.055645,""whistleblower_self_wrap"":0.110633,""whistleblower_session_public_key"":0.050421}","{""chunk_bytes"":65536,""payload_size_bytes"":10240,""recipient_index"":""all"",""recipients"":5,""stream_format"":""GCE-v2-SecretStream""}",5,all,65536,10912,8e015fd4cb8d56c54b8c9d9e0e695d6e815510f5,5.0.99,"{""backend/globaleaks/handlers/recipient/rtip.py"":""cb3235078545a5ea8d2ce8f6d4f9718499a29c26de49e2f9b763cc2f72e73e3e"",""backend/globaleaks/handlers/whistleblower/submission.py"":""5b0ffa938b25364c1b8ae8b2d14b7fa63c720c09f02ecf8f495b9a1d01190953"",""backend/globaleaks/jobs/delivery.py"":""7146617caa85fe73ab72fb5d051395f21e93091a91c801217d52455195323863"",""backend/globaleaks/utils/crypto.py"":""feccc66f8dba25ab9aa903260409bfd6e3a819b3b9634f9d9f2c290bee2521b5"",""backend/requirements/requirements.txt.noble"":""8eae78b00ac8762b4ccaaee6db49cc6acd8b95583d98ecbdd6fe8e22055ec199""}","{""PyNaCl"":""1.5.0"",""Twisted"":""24.3.0"",""cryptography"":""41.0.7"",""pyotp"":""2.9.0""}",GCE-v2-SecretStream
GLSubmitCrypto/globaleaks-5.0.99/receipt-session-selfwrap-answers-filemeta-r5-gcev2-official-delivery/v1,0c83ba1681bd140e4f290506635869053deb5d50cd29d6138c03c1906332d6e4,comparison,xeon-server,10240,GLSubmitCrypto,20,1.331827000,1.319334000,"{""answers_encryption"":0.116755,""file_metadata_encryption"":0.283335,""gce_v2_delivery_encryption"":0.206278,""receipt_hash"":0.005003,""recipient_tip_key_wraps"":0.474292,""session_private_key_protection"":0.022548,""tip_keypair"":0.055987,""whistleblower_self_wrap"":0.104414,""whistleblower_session_public_key"":0.050722}","{""chunk_bytes"":65536,""payload_size_bytes"":10240,""recipient_index"":""all"",""recipients"":5,""stream_format"":""GCE-v2-SecretStream""}",5,all,65536,10757,8e015fd4cb8d56c54b8c9d9e0e695d6e815510f5,5.0.99,"{""backend/globaleaks/handlers/recipient/rtip.py"":""cb3235078545a5ea8d2ce8f6d4f9718499a29c26de49e2f9b763cc2f72e73e3e"",""backend/globaleaks/handlers/whistleblower/submission.py"":""5b0ffa938b25364c1b8ae8b2d14b7fa63c720c09f02ecf8f495b9a1d01190953"",""backend/globaleaks/jobs/delivery.py"":""7146617caa85fe73ab72fb5d051395f21e93091a91c801217d52455195323863"",""backend/globaleaks/utils/crypto.py"":""feccc66f8dba25ab9aa903260409bfd6e3a819b3b9634f9d9f2c290bee2521b5"",""backend/requirements/requirements.txt.noble"":""8eae78b00ac8762b4ccaaee6db49cc6acd8b95583d98ecbdd6fe8e22055ec199""}","{""PyNaCl"":""1.5.0"",""Twisted"":""24.3.0"",""cryptography"":""41.0.7"",""pyotp"":""2.9.0""}",GCE-v2-SecretStream
GLSubmitCrypto/globaleaks-5.0.99/receipt-session-selfwrap-answers-filemeta-r5-gcev2-official-delivery/v1,0c83ba1681bd140e4f290506635869053deb5d50cd29d6138c03c1906332d6e4,comparison,xeon-server,10240,GLSubmitCrypto,21,1.386401000,1.373517000,"{""answers_encryption"":0.104594,""file_metadata_encryption"":0.319299,""gce_v2_delivery_encryption"":0.225686,""receipt_hash"":0.004619,""recipient_tip_key_wraps"":0.505981,""session_private_key_protection"":0.01654,""tip_keypair"":0.05214,""whistleblower_self_wrap"":0.09732,""whistleblower_session_public_key"":0.047338}","{""chunk_bytes"":65536,""payload_size_bytes"":10240,""recipient_index"":""all"",""recipients"":5,""stream_format"":""GCE-v2-SecretStream""}",5,all,65536,10565,8e015fd4cb8d56c54b8c9d9e0e695d6e815510f5,5.0.99,"{""backend/globaleaks/handlers/recipient/rtip.py"":""cb3235078545a5ea8d2ce8f6d4f9718499a29c26de49e2f9b763cc2f72e73e3e"",""backend/globaleaks/handlers/whistleblower/submission.py"":""5b0ffa938b25364c1b8ae8b2d14b7fa63c720c09f02ecf8f495b9a1d01190953"",""backend/globaleaks/jobs/delivery.py"":""7146617caa85fe73ab72fb5d051395f21e93091a91c801217d52455195323863"",""backend/globaleaks/utils/crypto.py"":""feccc66f8dba25ab9aa903260409bfd6e3a819b3b9634f9d9f2c290bee2521b5"",""backend/requirements/requirements.txt.noble"":""8eae78b00ac8762b4ccaaee6db49cc6acd8b95583d98ecbdd6fe8e22055ec199""}","{""PyNaCl"":""1.5.0"",""Twisted"":""24.3.0"",""cryptography"":""41.0.7"",""pyotp"":""2.9.0""}",GCE-v2-SecretStream
GLSubmitCrypto/globaleaks-5.0.99/receipt-session-selfwrap-answers-filemeta-r5-gcev2-official-delivery/v1,0c83ba1681bd140e4f290506635869053deb5d50cd29d6138c03c1906332d6e4,comparison,xeon-server,10240,GLSubmitCrypto,22,1.406206000,1.393295000,"{""answers_encryption"":0.106991,""file_metadata_encryption"":0.305387,""gce_v2_delivery_encryption"":0.221588,""receipt_hash"":0.004849,""recipient_tip_key_wraps"":0.522916,""session_private_key_protection"":0.019215,""tip_keypair"":0.056546,""whistleblower_self_wrap"":0.104801,""whistleblower_session_public_key"":0.051002}","{""chunk_bytes"":65536,""payload_size_bytes"":10240,""recipient_index"":""all"",""recipients"":5,""stream_format"":""GCE-v2-SecretStream""}",5,all,65536,10774,8e015fd4cb8d56c54b8c9d9e0e695d6e815510f5,5.0.99,"{""backend/globaleaks/handlers/recipient/rtip.py"":""cb3235078545a5ea8d2ce8f6d4f9718499a29c26de49e2f9b763cc2f72e73e3e"",""backend/globaleaks/handlers/whistleblower/submission.py"":""5b0ffa938b25364c1b8ae8b2d14b7fa63c720c09f02ecf8f495b9a1d01190953"",""backend/globaleaks/jobs/delivery.py"":""7146617caa85fe73ab72fb5d051395f21e93091a91c801217d52455195323863"",""backend/globaleaks/utils/crypto.py"":""feccc66f8dba25ab9aa903260409bfd6e3a819b3b9634f9d9f2c290bee2521b5"",""backend/requirements/requirements.txt.noble"":""8eae78b00ac8762b4ccaaee6db49cc6acd8b95583d98ecbdd6fe8e22055ec199""}","{""PyNaCl"":""1.5.0"",""Twisted"":""24.3.0"",""cryptography"":""41.0.7"",""pyotp"":""2.9.0""}",GCE-v2-SecretStream
GLSubmitCrypto/globaleaks-5.0.99/receipt-session-selfwrap-answers-filemeta-r5-gcev2-official-delivery/v1,0c83ba1681bd140e4f290506635869053deb5d50cd29d6138c03c1906332d6e4,comparison,xeon-server,10240,GLSubmitCrypto,23,1.409528000,1.396012000,"{""answers_encryption"":0.107059,""file_metadata_encryption"":0.31382,""gce_v2_delivery_encryption"":0.2337,""receipt_hash"":0.00483,""recipient_tip_key_wraps"":0.507259,""session_private_key_protection"":0.017763,""tip_keypair"":0.055982,""whistleblower_self_wrap"":0.104518,""whistleblower_session_public_key"":0.051081}","{""chunk_bytes"":65536,""payload_size_bytes"":10240,""recipient_index"":""all"",""recipients"":5,""stream_format"":""GCE-v2-SecretStream""}",5,all,65536,10844,8e015fd4cb8d56c54b8c9d9e0e695d6e815510f5,5.0.99,"{""backend/globaleaks/handlers/recipient/rtip.py"":""cb3235078545a5ea8d2ce8f6d4f9718499a29c26de49e2f9b763cc2f72e73e3e"",""backend/globaleaks/handlers/whistleblower/submission.py"":""5b0ffa938b25364c1b8ae8b2d14b7fa63c720c09f02ecf8f495b9a1d01190953"",""backend/globaleaks/jobs/delivery.py"":""7146617caa85fe73ab72fb5d051395f21e93091a91c801217d52455195323863"",""backend/globaleaks/utils/crypto.py"":""feccc66f8dba25ab9aa903260409bfd6e3a819b3b9634f9d9f2c290bee2521b5"",""backend/requirements/requirements.txt.noble"":""8eae78b00ac8762b4ccaaee6db49cc6acd8b95583d98ecbdd6fe8e22055ec199""}","{""PyNaCl"":""1.5.0"",""Twisted"":""24.3.0"",""cryptography"":""41.0.7"",""pyotp"":""2.9.0""}",GCE-v2-SecretStream
GLSubmitCrypto/globaleaks-5.0.99/receipt-session-selfwrap-answers-filemeta-r5-gcev2-official-delivery/v1,0c83ba1681bd140e4f290506635869053deb5d50cd29d6138c03c1906332d6e4,comparison,xeon-server,10240,GLSubmitCrypto,24,1.396744000,1.383778000,"{""answers_encryption"":0.107048,""file_metadata_encryption"":0.311533,""gce_v2_delivery_encryption"":0.219559,""receipt_hash"":0.004924,""recipient_tip_key_wraps"":0.51031,""session_private_key_protection"":0.017888,""tip_keypair"":0.056521,""whistleblower_self_wrap"":0.104756,""whistleblower_session_public_key"":0.051239}","{""chunk_bytes"":65536,""payload_size_bytes"":10240,""recipient_index"":""all"",""recipients"":5,""stream_format"":""GCE-v2-SecretStream""}",5,all,65536,10834,8e015fd4cb8d56c54b8c9d9e0e695d6e815510f5,5.0.99,"{""backend/globaleaks/handlers/recipient/rtip.py"":""cb3235078545a5ea8d2ce8f6d4f9718499a29c26de49e2f9b763cc2f72e73e3e"",""backend/globaleaks/handlers/whistleblower/submission.py"":""5b0ffa938b25364c1b8ae8b2d14b7fa63c720c09f02ecf8f495b9a1d01190953"",""backend/globaleaks/jobs/delivery.py"":""7146617caa85fe73ab72fb5d051395f21e93091a91c801217d52455195323863"",""backend/globaleaks/utils/crypto.py"":""feccc66f8dba25ab9aa903260409bfd6e3a819b3b9634f9d9f2c290bee2521b5"",""backend/requirements/requirements.txt.noble"":""8eae78b00ac8762b4ccaaee6db49cc6acd8b95583d98ecbdd6fe8e22055ec199""}","{""PyNaCl"":""1.5.0"",""Twisted"":""24.3.0"",""cryptography"":""41.0.7"",""pyotp"":""2.9.0""}",GCE-v2-SecretStream
GLSubmitCrypto/globaleaks-5.0.99/receipt-session-selfwrap-answers-filemeta-r5-gcev2-official-delivery/v1,0c83ba1681bd140e4f290506635869053deb5d50cd29d6138c03c1906332d6e4,comparison,xeon-server,10240,GLSubmitCrypto,25,1.394037000,1.381058000,"{""answers_encryption"":0.107148,""file_metadata_encryption"":0.312591,""gce_v2_delivery_encryption"":0.221006,""receipt_hash"":0.004675,""recipient_tip_key_wraps"":0.506412,""session_private_key_protection"":0.017865,""tip_keypair"":0.055976,""whistleblower_self_wrap"":0.104712,""whistleblower_session_public_key"":0.050673}","{""chunk_bytes"":65536,""payload_size_bytes"":10240,""recipient_index"":""all"",""recipients"":5,""stream_format"":""GCE-v2-SecretStream""}",5,all,65536,10726,8e015fd4cb8d56c54b8c9d9e0e695d6e815510f5,5.0.99,"{""backend/globaleaks/handlers/recipient/rtip.py"":""cb3235078545a5ea8d2ce8f6d4f9718499a29c26de49e2f9b763cc2f72e73e3e"",""backend/globaleaks/handlers/whistleblower/submission.py"":""5b0ffa938b25364c1b8ae8b2d14b7fa63c720c09f02ecf8f495b9a1d01190953"",""backend/globaleaks/jobs/delivery.py"":""7146617caa85fe73ab72fb5d051395f21e93091a91c801217d52455195323863"",""backend/globaleaks/utils/crypto.py"":""feccc66f8dba25ab9aa903260409bfd6e3a819b3b9634f9d9f2c290bee2521b5"",""backend/requirements/requirements.txt.noble"":""8eae78b00ac8762b4ccaaee6db49cc6acd8b95583d98ecbdd6fe8e22055ec199""}","{""PyNaCl"":""1.5.0"",""Twisted"":""24.3.0"",""cryptography"":""41.0.7"",""pyotp"":""2.9.0""}",GCE-v2-SecretStream
GLSubmitCrypto/globaleaks-5.0.99/receipt-session-selfwrap-answers-filemeta-r5-gcev2-official-delivery/v1,0c83ba1681bd140e4f290506635869053deb5d50cd29d6138c03c1906332d6e4,comparison,xeon-server,10240,GLSubmitCrypto,26,1.484632000,1.468737000,"{""answers_encryption"":0.107062,""file_metadata_encryption"":0.305979,""gce_v2_delivery_encryption"":0.309381,""receipt_hash"":0.004724,""recipient_tip_key_wraps"":0.512328,""session_private_key_protection"":0.017399,""tip_keypair"":0.056399,""whistleblower_self_wrap"":0.104492,""whistleblower_session_public_key"":0.050973}","{""chunk_bytes"":65536,""payload_size_bytes"":10240,""recipient_index"":""all"",""recipients"":5,""stream_format"":""GCE-v2-SecretStream""}",5,all,65536,10710,8e015fd4cb8d56c54b8c9d9e0e695d6e815510f5,5.0.99,"{""backend/globaleaks/handlers/recipient/rtip.py"":""cb3235078545a5ea8d2ce8f6d4f9718499a29c26de49e2f9b763cc2f72e73e3e"",""backend/globaleaks/handlers/whistleblower/submission.py"":""5b0ffa938b25364c1b8ae8b2d14b7fa63c720c09f02ecf8f495b9a1d01190953"",""backend/globaleaks/jobs/delivery.py"":""7146617caa85fe73ab72fb5d051395f21e93091a91c801217d52455195323863"",""backend/globaleaks/utils/crypto.py"":""feccc66f8dba25ab9aa903260409bfd6e3a819b3b9634f9d9f2c290bee2521b5"",""backend/requirements/requirements.txt.noble"":""8eae78b00ac8762b4ccaaee6db49cc6acd8b95583d98ecbdd6fe8e22055ec199""}","{""PyNaCl"":""1.5.0"",""Twisted"":""24.3.0"",""cryptography"":""41.0.7"",""pyotp"":""2.9.0""}",GCE-v2-SecretStream
GLSubmitCrypto/globaleaks-5.0.99/receipt-session-selfwrap-answers-filemeta-r5-gcev2-official-delivery/v1,0c83ba1681bd140e4f290506635869053deb5d50cd29d6138c03c1906332d6e4,comparison,xeon-server,10240,GLSubmitCrypto,27,1.591023000,1.566619000,"{""answers_encryption"":0.146678,""file_metadata_encryption"":0.312979,""gce_v2_delivery_encryption"":0.235916,""receipt_hash"":0.007313,""recipient_tip_key_wraps"":0.518661,""session_private_key_protection"":0.025646,""tip_keypair"":0.084759,""whistleblower_self_wrap"":0.157783,""whistleblower_session_public_key"":0.076884}","{""chunk_bytes"":65536,""payload_size_bytes"":10240,""recipient_index"":""all"",""recipients"":5,""stream_format"":""GCE-v2-SecretStream""}",5,all,65536,10478,8e015fd4cb8d56c54b8c9d9e0e695d6e815510f5,5.0.99,"{""backend/globaleaks/handlers/recipient/rtip.py"":""cb3235078545a5ea8d2ce8f6d4f9718499a29c26de49e2f9b763cc2f72e73e3e"",""backend/globaleaks/handlers/whistleblower/submission.py"":""5b0ffa938b25364c1b8ae8b2d14b7fa63c720c09f02ecf8f495b9a1d01190953"",""backend/globaleaks/jobs/delivery.py"":""7146617caa85fe73ab72fb5d051395f21e93091a91c801217d52455195323863"",""backend/globaleaks/utils/crypto.py"":""feccc66f8dba25ab9aa903260409bfd6e3a819b3b9634f9d9f2c290bee2521b5"",""backend/requirements/requirements.txt.noble"":""8eae78b00ac8762b4ccaaee6db49cc6acd8b95583d98ecbdd6fe8e22055ec199""}","{""PyNaCl"":""1.5.0"",""Twisted"":""24.3.0"",""cryptography"":""41.0.7"",""pyotp"":""2.9.0""}",GCE-v2-SecretStream
GLSubmitCrypto/globaleaks-5.0.99/receipt-session-selfwrap-answers-filemeta-r5-gcev2-official-delivery/v1,0c83ba1681bd140e4f290506635869053deb5d50cd29d6138c03c1906332d6e4,comparison,xeon-server,10240,GLSubmitCrypto,28,1.376177000,1.363365000,"{""answers_encryption"":0.102312,""file_metadata_encryption"":0.292237,""gce_v2_delivery_encryption"":0.238952,""receipt_hash"":0.005023,""recipient_tip_key_wraps"":0.490549,""session_private_key_protection"":0.016712,""tip_keypair"":0.057466,""whistleblower_self_wrap"":0.09997,""whistleblower_session_public_key"":0.060144}","{""chunk_bytes"":65536,""payload_size_bytes"":10240,""recipient_index"":""all"",""recipients"":5,""stream_format"":""GCE-v2-SecretStream""}",5,all,65536,10690,8e015fd4cb8d56c54b8c9d9e0e695d6e815510f5,5.0.99,"{""backend/globaleaks/handlers/recipient/rtip.py"":""cb3235078545a5ea8d2ce8f6d4f9718499a29c26de49e2f9b763cc2f72e73e3e"",""backend/globaleaks/handlers/whistleblower/submission.py"":""5b0ffa938b25364c1b8ae8b2d14b7fa63c720c09f02ecf8f495b9a1d01190953"",""backend/globaleaks/jobs/delivery.py"":""7146617caa85fe73ab72fb5d051395f21e93091a91c801217d52455195323863"",""backend/globaleaks/utils/crypto.py"":""feccc66f8dba25ab9aa903260409bfd6e3a819b3b9634f9d9f2c290bee2521b5"",""backend/requirements/requirements.txt.noble"":""8eae78b00ac8762b4ccaaee6db49cc6acd8b95583d98ecbdd6fe8e22055ec199""}","{""PyNaCl"":""1.5.0"",""Twisted"":""24.3.0"",""cryptography"":""41.0.7"",""pyotp"":""2.9.0""}",GCE-v2-SecretStream
GLSubmitCrypto/globaleaks-5.0.99/receipt-session-selfwrap-answers-filemeta-r5-gcev2-official-delivery/v1,0c83ba1681bd140e4f290506635869053deb5d50cd29d6138c03c1906332d6e4,comparison,xeon-server,10240,GLSubmitCrypto,29,2.160193000,2.138894000,"{""answers_encryption"":0.110201,""file_metadata_encryption"":0.313164,""gce_v2_delivery_encryption"":0.513272,""receipt_hash"":0.004923,""recipient_tip_key_wraps"":0.955669,""session_private_key_protection"":0.019333,""tip_keypair"":0.057432,""whistleblower_self_wrap"":0.112651,""whistleblower_session_public_key"":0.052249}","{""chunk_bytes"":65536,""payload_size_bytes"":10240,""recipient_index"":""all"",""recipients"":5,""stream_format"":""GCE-v2-SecretStream""}",5,all,65536,10556,8e015fd4cb8d56c54b8c9d9e0e695d6e815510f5,5.0.99,"{""backend/globaleaks/handlers/recipient/rtip.py"":""cb3235078545a5ea8d2ce8f6d4f9718499a29c26de49e2f9b763cc2f72e73e3e"",""backend/globaleaks/handlers/whistleblower/submission.py"":""5b0ffa938b25364c1b8ae8b2d14b7fa63c720c09f02ecf8f495b9a1d01190953"",""backend/globaleaks/jobs/delivery.py"":""7146617caa85fe73ab72fb5d051395f21e93091a91c801217d52455195323863"",""backend/globaleaks/utils/crypto.py"":""feccc66f8dba25ab9aa903260409bfd6e3a819b3b9634f9d9f2c290bee2521b5"",""backend/requirements/requirements.txt.noble"":""8eae78b00ac8762b4ccaaee6db49cc6acd8b95583d98ecbdd6fe8e22055ec199""}","{""PyNaCl"":""1.5.0"",""Twisted"":""24.3.0"",""cryptography"":""41.0.7"",""pyotp"":""2.9.0""}",GCE-v2-SecretStream
GLSubmitCrypto/globaleaks-5.0.99/receipt-session-selfwrap-answers-filemeta-r5-gcev2-official-delivery/v1,0c83ba1681bd140e4f290506635869053deb5d50cd29d6138c03c1906332d6e4,comparison,xeon-server,10240,GLSubmitCrypto,30,2.254320000,2.228152000,"{""answers_encryption"":0.250873,""file_metadata_encryption"":0.53298,""gce_v2_delivery_encryption"":0.25466,""receipt_hash"":0.010781,""recipient_tip_key_wraps"":0.632267,""session_private_key_protection"":0.042796,""tip_keypair"":0.133868,""whistleblower_self_wrap"":0.247296,""whistleblower_session_public_key"":0.122631}","{""chunk_bytes"":65536,""payload_size_bytes"":10240,""recipient_index"":""all"",""recipients"":5,""stream_format"":""GCE-v2-SecretStream""}",5,all,65536,10879,8e015fd4cb8d56c54b8c9d9e0e695d6e815510f5,5.0.99,"{""backend/globaleaks/handlers/recipient/rtip.py"":""cb3235078545a5ea8d2ce8f6d4f9718499a29c26de49e2f9b763cc2f72e73e3e"",""backend/globaleaks/handlers/whistleblower/submission.py"":""5b0ffa938b25364c1b8ae8b2d14b7fa63c720c09f02ecf8f495b9a1d01190953"",""backend/globaleaks/jobs/delivery.py"":""7146617caa85fe73ab72fb5d051395f21e93091a91c801217d52455195323863"",""backend/globaleaks/utils/crypto.py"":""feccc66f8dba25ab9aa903260409bfd6e3a819b3b9634f9d9f2c290bee2521b5"",""backend/requirements/requirements.txt.noble"":""8eae78b00ac8762b4ccaaee6db49cc6acd8b95583d98ecbdd6fe8e22055ec199""}","{""PyNaCl"":""1.5.0"",""Twisted"":""24.3.0"",""cryptography"":""41.0.7"",""pyotp"":""2.9.0""}",GCE-v2-SecretStream
GLRecipientOpen/globaleaks-5.0.99/one-recipient-tip-answers-filemeta-gcev2/v1,0c83ba1681bd140e4f290506635869053deb5d50cd29d6138c03c1906332d6e4,comparison,xeon-server,10240,GLRecipientOpen,1,0.694299000,0.690097000,"{""answers_decryption"":0.108606,""file_metadata_decryption"":0.315951,""gce_v2_file_decryption"":0.158349,""recipient_tip_key_unwrap"":0.107191}","{""chunk_bytes"":65536,""payload_size_bytes"":10240,""recipient_index"":0,""recipients"":5,""stream_format"":""GCE-v2-SecretStream""}",5,0,65536,10436,8e015fd4cb8d56c54b8c9d9e0e695d6e815510f5,5.0.99,"{""backend/globaleaks/handlers/recipient/rtip.py"":""cb3235078545a5ea8d2ce8f6d4f9718499a29c26de49e2f9b763cc2f72e73e3e"",""backend/globaleaks/handlers/whistleblower/submission.py"":""5b0ffa938b25364c1b8ae8b2d14b7fa63c720c09f02ecf8f495b9a1d01190953"",""backend/globaleaks/jobs/delivery.py"":""7146617caa85fe73ab72fb5d051395f21e93091a91c801217d52455195323863"",""backend/globaleaks/utils/crypto.py"":""feccc66f8dba25ab9aa903260409bfd6e3a819b3b9634f9d9f2c290bee2521b5"",""backend/requirements/requirements.txt.noble"":""8eae78b00ac8762b4ccaaee6db49cc6acd8b95583d98ecbdd6fe8e22055ec199""}","{""PyNaCl"":""1.5.0"",""Twisted"":""24.3.0"",""cryptography"":""41.0.7"",""pyotp"":""2.9.0""}",GCE-v2-SecretStream
GLRecipientOpen/globaleaks-5.0.99/one-recipient-tip-answers-filemeta-gcev2/v1,0c83ba1681bd140e4f290506635869053deb5d50cd29d6138c03c1906332d6e4,comparison,xeon-server,10240,GLRecipientOpen,2,0.722221000,0.717117000,"{""answers_decryption"":0.110738,""file_metadata_decryption"":0.317796,""gce_v2_file_decryption"":0.166402,""recipient_tip_key_unwrap"":0.122181}","{""chunk_bytes"":65536,""payload_size_bytes"":10240,""recipient_index"":1,""recipients"":5,""stream_format"":""GCE-v2-SecretStream""}",5,1,65536,10436,8e015fd4cb8d56c54b8c9d9e0e695d6e815510f5,5.0.99,"{""backend/globaleaks/handlers/recipient/rtip.py"":""cb3235078545a5ea8d2ce8f6d4f9718499a29c26de49e2f9b763cc2f72e73e3e"",""backend/globaleaks/handlers/whistleblower/submission.py"":""5b0ffa938b25364c1b8ae8b2d14b7fa63c720c09f02ecf8f495b9a1d01190953"",""backend/globaleaks/jobs/delivery.py"":""7146617caa85fe73ab72fb5d051395f21e93091a91c801217d52455195323863"",""backend/globaleaks/utils/crypto.py"":""feccc66f8dba25ab9aa903260409bfd6e3a819b3b9634f9d9f2c290bee2521b5"",""backend/requirements/requirements.txt.noble"":""8eae78b00ac8762b4ccaaee6db49cc6acd8b95583d98ecbdd6fe8e22055ec199""}","{""PyNaCl"":""1.5.0"",""Twisted"":""24.3.0"",""cryptography"":""41.0.7"",""pyotp"":""2.9.0""}",GCE-v2-SecretStream
GLRecipientOpen/globaleaks-5.0.99/one-recipient-tip-answers-filemeta-gcev2/v1,0c83ba1681bd140e4f290506635869053deb5d50cd29d6138c03c1906332d6e4,comparison,xeon-server,10240,GLRecipientOpen,3,0.711799000,0.706722000,"{""answers_decryption"":0.109815,""file_metadata_decryption"":0.32246,""gce_v2_file_decryption"":0.164785,""recipient_tip_key_unwrap"":0.109662}","{""chunk_bytes"":65536,""payload_size_bytes"":10240,""recipient_index"":2,""recipients"":5,""stream_format"":""GCE-v2-SecretStream""}",5,2,65536,10436,8e015fd4cb8d56c54b8c9d9e0e695d6e815510f5,5.0.99,"{""backend/globaleaks/handlers/recipient/rtip.py"":""cb3235078545a5ea8d2ce8f6d4f9718499a29c26de49e2f9b763cc2f72e73e3e"",""backend/globaleaks/handlers/whistleblower/submission.py"":""5b0ffa938b25364c1b8ae8b2d14b7fa63c720c09f02ecf8f495b9a1d01190953"",""backend/globaleaks/jobs/delivery.py"":""7146617caa85fe73ab72fb5d051395f21e93091a91c801217d52455195323863"",""backend/globaleaks/utils/crypto.py"":""feccc66f8dba25ab9aa903260409bfd6e3a819b3b9634f9d9f2c290bee2521b5"",""backend/requirements/requirements.txt.noble"":""8eae78b00ac8762b4ccaaee6db49cc6acd8b95583d98ecbdd6fe8e22055ec199""}","{""PyNaCl"":""1.5.0"",""Twisted"":""24.3.0"",""cryptography"":""41.0.7"",""pyotp"":""2.9.0""}",GCE-v2-SecretStream
GLRecipientOpen/globaleaks-5.0.99/one-recipient-tip-answers-filemeta-gcev2/v1,0c83ba1681bd140e4f290506635869053deb5d50cd29d6138c03c1906332d6e4,comparison,xeon-server,10240,GLRecipientOpen,4,0.719015000,0.714332000,"{""answers_decryption"":0.110303,""file_metadata_decryption"":0.32336,""gce_v2_file_decryption"":0.165966,""recipient_tip_key_unwrap"":0.114703}","{""chunk_bytes"":65536,""payload_size_bytes"":10240,""recipient_index"":3,""recipients"":5,""stream_format"":""GCE-v2-SecretStream""}",5,3,65536,10436,8e015fd4cb8d56c54b8c9d9e0e695d6e815510f5,5.0.99,"{""backend/globaleaks/handlers/recipient/rtip.py"":""cb3235078545a5ea8d2ce8f6d4f9718499a29c26de49e2f9b763cc2f72e73e3e"",""backend/globaleaks/handlers/whistleblower/submission.py"":""5b0ffa938b25364c1b8ae8b2d14b7fa63c720c09f02ecf8f495b9a1d01190953"",""backend/globaleaks/jobs/delivery.py"":""7146617caa85fe73ab72fb5d051395f21e93091a91c801217d52455195323863"",""backend/globaleaks/utils/crypto.py"":""feccc66f8dba25ab9aa903260409bfd6e3a819b3b9634f9d9f2c290bee2521b5"",""backend/requirements/requirements.txt.noble"":""8eae78b00ac8762b4ccaaee6db49cc6acd8b95583d98ecbdd6fe8e22055ec199""}","{""PyNaCl"":""1.5.0"",""Twisted"":""24.3.0"",""cryptography"":""41.0.7"",""pyotp"":""2.9.0""}",GCE-v2-SecretStream
GLRecipientOpen/globaleaks-5.0.99/one-recipient-tip-answers-filemeta-gcev2/v1,0c83ba1681bd140e4f290506635869053deb5d50cd29d6138c03c1906332d6e4,comparison,xeon-server,10240,GLRecipientOpen,5,0.704353000,0.699592000,"{""answers_decryption"":0.110019,""file_metadata_decryption"":0.317558,""gce_v2_file_decryption"":0.163073,""recipient_tip_key_unwrap"":0.108942}","{""chunk_bytes"":65536,""payload_size_bytes"":10240,""recipient_index"":4,""recipients"":5,""stream_format"":""GCE-v2-SecretStream""}",5,4,65536,10436,8e015fd4cb8d56c54b8c9d9e0e695d6e815510f5,5.0.99,"{""backend/globaleaks/handlers/recipient/rtip.py"":""cb3235078545a5ea8d2ce8f6d4f9718499a29c26de49e2f9b763cc2f72e73e3e"",""backend/globaleaks/handlers/whistleblower/submission.py"":""5b0ffa938b25364c1b8ae8b2d14b7fa63c720c09f02ecf8f495b9a1d01190953"",""backend/globaleaks/jobs/delivery.py"":""7146617caa85fe73ab72fb5d051395f21e93091a91c801217d52455195323863"",""backend/globaleaks/utils/crypto.py"":""feccc66f8dba25ab9aa903260409bfd6e3a819b3b9634f9d9f2c290bee2521b5"",""backend/requirements/requirements.txt.noble"":""8eae78b00ac8762b4ccaaee6db49cc6acd8b95583d98ecbdd6fe8e22055ec199""}","{""PyNaCl"":""1.5.0"",""Twisted"":""24.3.0"",""cryptography"":""41.0.7"",""pyotp"":""2.9.0""}",GCE-v2-SecretStream
GLRecipientOpen/globaleaks-5.0.99/one-recipient-tip-answers-filemeta-gcev2/v1,0c83ba1681bd140e4f290506635869053deb5d50cd29d6138c03c1906332d6e4,comparison,xeon-server,10240,GLRecipientOpen,6,0.709210000,0.704624000,"{""answers_decryption"":0.109768,""file_metadata_decryption"":0.31766,""gce_v2_file_decryption"":0.1628,""recipient_tip_key_unwrap"":0.114396}","{""chunk_bytes"":65536,""payload_size_bytes"":10240,""recipient_index"":0,""recipients"":5,""stream_format"":""GCE-v2-SecretStream""}",5,0,65536,10436,8e015fd4cb8d56c54b8c9d9e0e695d6e815510f5,5.0.99,"{""backend/globaleaks/handlers/recipient/rtip.py"":""cb3235078545a5ea8d2ce8f6d4f9718499a29c26de49e2f9b763cc2f72e73e3e"",""backend/globaleaks/handlers/whistleblower/submission.py"":""5b0ffa938b25364c1b8ae8b2d14b7fa63c720c09f02ecf8f495b9a1d01190953"",""backend/globaleaks/jobs/delivery.py"":""7146617caa85fe73ab72fb5d051395f21e93091a91c801217d52455195323863"",""backend/globaleaks/utils/crypto.py"":""feccc66f8dba25ab9aa903260409bfd6e3a819b3b9634f9d9f2c290bee2521b5"",""backend/requirements/requirements.txt.noble"":""8eae78b00ac8762b4ccaaee6db49cc6acd8b95583d98ecbdd6fe8e22055ec199""}","{""PyNaCl"":""1.5.0"",""Twisted"":""24.3.0"",""cryptography"":""41.0.7"",""pyotp"":""2.9.0""}",GCE-v2-SecretStream
GLRecipientOpen/globaleaks-5.0.99/one-recipient-tip-answers-filemeta-gcev2/v1,0c83ba1681bd140e4f290506635869053deb5d50cd29d6138c03c1906332d6e4,comparison,xeon-server,10240,GLRecipientOpen,7,0.709577000,0.704844000,"{""answers_decryption"":0.109761,""file_metadata_decryption"":0.322816,""gce_v2_file_decryption"":0.163166,""recipient_tip_key_unwrap"":0.109101}","{""chunk_bytes"":65536,""payload_size_bytes"":10240,""recipient_index"":1,""recipients"":5,""stream_format"":""GCE-v2-SecretStream""}",5,1,65536,10436,8e015fd4cb8d56c54b8c9d9e0e695d6e815510f5,5.0.99,"{""backend/globaleaks/handlers/recipient/rtip.py"":""cb3235078545a5ea8d2ce8f6d4f9718499a29c26de49e2f9b763cc2f72e73e3e"",""backend/globaleaks/handlers/whistleblower/submission.py"":""5b0ffa938b25364c1b8ae8b2d14b7fa63c720c09f02ecf8f495b9a1d01190953"",""backend/globaleaks/jobs/delivery.py"":""7146617caa85fe73ab72fb5d051395f21e93091a91c801217d52455195323863"",""backend/globaleaks/utils/crypto.py"":""feccc66f8dba25ab9aa903260409bfd6e3a819b3b9634f9d9f2c290bee2521b5"",""backend/requirements/requirements.txt.noble"":""8eae78b00ac8762b4ccaaee6db49cc6acd8b95583d98ecbdd6fe8e22055ec199""}","{""PyNaCl"":""1.5.0"",""Twisted"":""24.3.0"",""cryptography"":""41.0.7"",""pyotp"":""2.9.0""}",GCE-v2-SecretStream
GLRecipientOpen/globaleaks-5.0.99/one-recipient-tip-answers-filemeta-gcev2/v1,0c83ba1681bd140e4f290506635869053deb5d50cd29d6138c03c1906332d6e4,comparison,xeon-server,10240,GLRecipientOpen,8,0.708573000,0.703889000,"{""answers_decryption"":0.110037,""file_metadata_decryption"":0.322112,""gce_v2_file_decryption"":0.162744,""recipient_tip_key_unwrap"":0.108996}","{""chunk_bytes"":65536,""payload_size_bytes"":10240,""recipient_index"":2,""recipients"":5,""stream_format"":""GCE-v2-SecretStream""}",5,2,65536,10436,8e015fd4cb8d56c54b8c9d9e0e695d6e815510f5,5.0.99,"{""backend/globaleaks/handlers/recipient/rtip.py"":""cb3235078545a5ea8d2ce8f6d4f9718499a29c26de49e2f9b763cc2f72e73e3e"",""backend/globaleaks/handlers/whistleblower/submission.py"":""5b0ffa938b25364c1b8ae8b2d14b7fa63c720c09f02ecf8f495b9a1d01190953"",""backend/globaleaks/jobs/delivery.py"":""7146617caa85fe73ab72fb5d051395f21e93091a91c801217d52455195323863"",""backend/globaleaks/utils/crypto.py"":""feccc66f8dba25ab9aa903260409bfd6e3a819b3b9634f9d9f2c290bee2521b5"",""backend/requirements/requirements.txt.noble"":""8eae78b00ac8762b4ccaaee6db49cc6acd8b95583d98ecbdd6fe8e22055ec199""}","{""PyNaCl"":""1.5.0"",""Twisted"":""24.3.0"",""cryptography"":""41.0.7"",""pyotp"":""2.9.0""}",GCE-v2-SecretStream
GLRecipientOpen/globaleaks-5.0.99/one-recipient-tip-answers-filemeta-gcev2/v1,0c83ba1681bd140e4f290506635869053deb5d50cd29d6138c03c1906332d6e4,comparison,xeon-server,10240,GLRecipientOpen,9,0.702967000,0.698459000,"{""answers_decryption"":0.110016,""file_metadata_decryption"":0.316772,""gce_v2_file_decryption"":0.162447,""recipient_tip_key_unwrap"":0.109224}","{""chunk_bytes"":65536,""payload_size_bytes"":10240,""recipient_index"":3,""recipients"":5,""stream_format"":""GCE-v2-SecretStream""}",5,3,65536,10436,8e015fd4cb8d56c54b8c9d9e0e695d6e815510f5,5.0.99,"{""backend/globaleaks/handlers/recipient/rtip.py"":""cb3235078545a5ea8d2ce8f6d4f9718499a29c26de49e2f9b763cc2f72e73e3e"",""backend/globaleaks/handlers/whistleblower/submission.py"":""5b0ffa938b25364c1b8ae8b2d14b7fa63c720c09f02ecf8f495b9a1d01190953"",""backend/globaleaks/jobs/delivery.py"":""7146617caa85fe73ab72fb5d051395f21e93091a91c801217d52455195323863"",""backend/globaleaks/utils/crypto.py"":""feccc66f8dba25ab9aa903260409bfd6e3a819b3b9634f9d9f2c290bee2521b5"",""backend/requirements/requirements.txt.noble"":""8eae78b00ac8762b4ccaaee6db49cc6acd8b95583d98ecbdd6fe8e22055ec199""}","{""PyNaCl"":""1.5.0"",""Twisted"":""24.3.0"",""cryptography"":""41.0.7"",""pyotp"":""2.9.0""}",GCE-v2-SecretStream
GLRecipientOpen/globaleaks-5.0.99/one-recipient-tip-answers-filemeta-gcev2/v1,0c83ba1681bd140e4f290506635869053deb5d50cd29d6138c03c1906332d6e4,comparison,xeon-server,10240,GLRecipientOpen,10,0.723024000,0.717951000,"{""answers_decryption"":0.109709,""file_metadata_decryption"":0.317155,""gce_v2_file_decryption"":0.176442,""recipient_tip_key_unwrap"":0.114645}","{""chunk_bytes"":65536,""payload_size_bytes"":10240,""recipient_index"":4,""recipients"":5,""stream_format"":""GCE-v2-SecretStream""}",5,4,65536,10436,8e015fd4cb8d56c54b8c9d9e0e695d6e815510f5,5.0.99,"{""backend/globaleaks/handlers/recipient/rtip.py"":""cb3235078545a5ea8d2ce8f6d4f9718499a29c26de49e2f9b763cc2f72e73e3e"",""backend/globaleaks/handlers/whistleblower/submission.py"":""5b0ffa938b25364c1b8ae8b2d14b7fa63c720c09f02ecf8f495b9a1d01190953"",""backend/globaleaks/jobs/delivery.py"":""7146617caa85fe73ab72fb5d051395f21e93091a91c801217d52455195323863"",""backend/globaleaks/utils/crypto.py"":""feccc66f8dba25ab9aa903260409bfd6e3a819b3b9634f9d9f2c290bee2521b5"",""backend/requirements/requirements.txt.noble"":""8eae78b00ac8762b4ccaaee6db49cc6acd8b95583d98ecbdd6fe8e22055ec199""}","{""PyNaCl"":""1.5.0"",""Twisted"":""24.3.0"",""cryptography"":""41.0.7"",""pyotp"":""2.9.0""}",GCE-v2-SecretStream
GLRecipientOpen/globaleaks-5.0.99/one-recipient-tip-answers-filemeta-gcev2/v1,0c83ba1681bd140e4f290506635869053deb5d50cd29d6138c03c1906332d6e4,comparison,xeon-server,10240,GLRecipientOpen,11,0.916246000,0.910654000,"{""answers_decryption"":0.168876,""file_metadata_decryption"":0.418795,""gce_v2_file_decryption"":0.162538,""recipient_tip_key_unwrap"":0.160445}","{""chunk_bytes"":65536,""payload_size_bytes"":10240,""recipient_index"":0,""recipients"":5,""stream_format"":""GCE-v2-SecretStream""}",5,0,65536,10436,8e015fd4cb8d56c54b8c9d9e0e695d6e815510f5,5.0.99,"{""backend/globaleaks/handlers/recipient/rtip.py"":""cb3235078545a5ea8d2ce8f6d4f9718499a29c26de49e2f9b763cc2f72e73e3e"",""backend/globaleaks/handlers/whistleblower/submission.py"":""5b0ffa938b25364c1b8ae8b2d14b7fa63c720c09f02ecf8f495b9a1d01190953"",""backend/globaleaks/jobs/delivery.py"":""7146617caa85fe73ab72fb5d051395f21e93091a91c801217d52455195323863"",""backend/globaleaks/utils/crypto.py"":""feccc66f8dba25ab9aa903260409bfd6e3a819b3b9634f9d9f2c290bee2521b5"",""backend/requirements/requirements.txt.noble"":""8eae78b00ac8762b4ccaaee6db49cc6acd8b95583d98ecbdd6fe8e22055ec199""}","{""PyNaCl"":""1.5.0"",""Twisted"":""24.3.0"",""cryptography"":""41.0.7"",""pyotp"":""2.9.0""}",GCE-v2-SecretStream
GLRecipientOpen/globaleaks-5.0.99/one-recipient-tip-answers-filemeta-gcev2/v1,0c83ba1681bd140e4f290506635869053deb5d50cd29d6138c03c1906332d6e4,comparison,xeon-server,10240,GLRecipientOpen,12,0.714889000,0.710432000,"{""answers_decryption"":0.110059,""file_metadata_decryption"":0.328262,""gce_v2_file_decryption"":0.163277,""recipient_tip_key_unwrap"":0.108834}","{""chunk_bytes"":65536,""payload_size_bytes"":10240,""recipient_index"":1,""recipients"":5,""stream_format"":""GCE-v2-SecretStream""}",5,1,65536,10436,8e015fd4cb8d56c54b8c9d9e0e695d6e815510f5,5.0.99,"{""backend/globaleaks/handlers/recipient/rtip.py"":""cb3235078545a5ea8d2ce8f6d4f9718499a29c26de49e2f9b763cc2f72e73e3e"",""backend/globaleaks/handlers/whistleblower/submission.py"":""5b0ffa938b25364c1b8ae8b2d14b7fa63c720c09f02ecf8f495b9a1d01190953"",""backend/globaleaks/jobs/delivery.py"":""7146617caa85fe73ab72fb5d051395f21e93091a91c801217d52455195323863"",""backend/globaleaks/utils/crypto.py"":""feccc66f8dba25ab9aa903260409bfd6e3a819b3b9634f9d9f2c290bee2521b5"",""backend/requirements/requirements.txt.noble"":""8eae78b00ac8762b4ccaaee6db49cc6acd8b95583d98ecbdd6fe8e22055ec199""}","{""PyNaCl"":""1.5.0"",""Twisted"":""24.3.0"",""cryptography"":""41.0.7"",""pyotp"":""2.9.0""}",GCE-v2-SecretStream
GLRecipientOpen/globaleaks-5.0.99/one-recipient-tip-answers-filemeta-gcev2/v1,0c83ba1681bd140e4f290506635869053deb5d50cd29d6138c03c1906332d6e4,comparison,xeon-server,10240,GLRecipientOpen,13,0.724709000,0.719676000,"{""answers_decryption"":0.109389,""file_metadata_decryption"":0.317138,""gce_v2_file_decryption"":0.18424,""recipient_tip_key_unwrap"":0.108909}","{""chunk_bytes"":65536,""payload_size_bytes"":10240,""recipient_index"":2,""recipients"":5,""stream_format"":""GCE-v2-SecretStream""}",5,2,65536,10436,8e015fd4cb8d56c54b8c9d9e0e695d6e815510f5,5.0.99,"{""backend/globaleaks/handlers/recipient/rtip.py"":""cb3235078545a5ea8d2ce8f6d4f9718499a29c26de49e2f9b763cc2f72e73e3e"",""backend/globaleaks/handlers/whistleblower/submission.py"":""5b0ffa938b25364c1b8ae8b2d14b7fa63c720c09f02ecf8f495b9a1d01190953"",""backend/globaleaks/jobs/delivery.py"":""7146617caa85fe73ab72fb5d051395f21e93091a91c801217d52455195323863"",""backend/globaleaks/utils/crypto.py"":""feccc66f8dba25ab9aa903260409bfd6e3a819b3b9634f9d9f2c290bee2521b5"",""backend/requirements/requirements.txt.noble"":""8eae78b00ac8762b4ccaaee6db49cc6acd8b95583d98ecbdd6fe8e22055ec199""}","{""PyNaCl"":""1.5.0"",""Twisted"":""24.3.0"",""cryptography"":""41.0.7"",""pyotp"":""2.9.0""}",GCE-v2-SecretStream
GLRecipientOpen/globaleaks-5.0.99/one-recipient-tip-answers-filemeta-gcev2/v1,0c83ba1681bd140e4f290506635869053deb5d50cd29d6138c03c1906332d6e4,comparison,xeon-server,10240,GLRecipientOpen,14,0.909561000,0.903701000,"{""answers_decryption"":0.161455,""file_metadata_decryption"":0.41481,""gce_v2_file_decryption"":0.167344,""recipient_tip_key_unwrap"":0.160092}","{""chunk_bytes"":65536,""payload_size_bytes"":10240,""recipient_index"":3,""recipients"":5,""stream_format"":""GCE-v2-SecretStream""}",5,3,65536,10436,8e015fd4cb8d56c54b8c9d9e0e695d6e815510f5,5.0.99,"{""backend/globaleaks/handlers/recipient/rtip.py"":""cb3235078545a5ea8d2ce8f6d4f9718499a29c26de49e2f9b763cc2f72e73e3e"",""backend/globaleaks/handlers/whistleblower/submission.py"":""5b0ffa938b25364c1b8ae8b2d14b7fa63c720c09f02ecf8f495b9a1d01190953"",""backend/globaleaks/jobs/delivery.py"":""7146617caa85fe73ab72fb5d051395f21e93091a91c801217d52455195323863"",""backend/globaleaks/utils/crypto.py"":""feccc66f8dba25ab9aa903260409bfd6e3a819b3b9634f9d9f2c290bee2521b5"",""backend/requirements/requirements.txt.noble"":""8eae78b00ac8762b4ccaaee6db49cc6acd8b95583d98ecbdd6fe8e22055ec199""}","{""PyNaCl"":""1.5.0"",""Twisted"":""24.3.0"",""cryptography"":""41.0.7"",""pyotp"":""2.9.0""}",GCE-v2-SecretStream
GLRecipientOpen/globaleaks-5.0.99/one-recipient-tip-answers-filemeta-gcev2/v1,0c83ba1681bd140e4f290506635869053deb5d50cd29d6138c03c1906332d6e4,comparison,xeon-server,10240,GLRecipientOpen,15,0.701702000,0.697229000,"{""answers_decryption"":0.109642,""file_metadata_decryption"":0.316951,""gce_v2_file_decryption"":0.161743,""recipient_tip_key_unwrap"":0.108893}","{""chunk_bytes"":65536,""payload_size_bytes"":10240,""recipient_index"":4,""recipients"":5,""stream_format"":""GCE-v2-SecretStream""}",5,4,65536,10436,8e015fd4cb8d56c54b8c9d9e0e695d6e815510f5,5.0.99,"{""backend/globaleaks/handlers/recipient/rtip.py"":""cb3235078545a5ea8d2ce8f6d4f9718499a29c26de49e2f9b763cc2f72e73e3e"",""backend/globaleaks/handlers/whistleblower/submission.py"":""5b0ffa938b25364c1b8ae8b2d14b7fa63c720c09f02ecf8f495b9a1d01190953"",""backend/globaleaks/jobs/delivery.py"":""7146617caa85fe73ab72fb5d051395f21e93091a91c801217d52455195323863"",""backend/globaleaks/utils/crypto.py"":""feccc66f8dba25ab9aa903260409bfd6e3a819b3b9634f9d9f2c290bee2521b5"",""backend/requirements/requirements.txt.noble"":""8eae78b00ac8762b4ccaaee6db49cc6acd8b95583d98ecbdd6fe8e22055ec199""}","{""PyNaCl"":""1.5.0"",""Twisted"":""24.3.0"",""cryptography"":""41.0.7"",""pyotp"":""2.9.0""}",GCE-v2-SecretStream
GLRecipientOpen/globaleaks-5.0.99/one-recipient-tip-answers-filemeta-gcev2/v1,0c83ba1681bd140e4f290506635869053deb5d50cd29d6138c03c1906332d6e4,comparison,xeon-server,10240,GLRecipientOpen,16,0.707906000,0.703304000,"{""answers_decryption"":0.110473,""file_metadata_decryption"":0.316862,""gce_v2_file_decryption"":0.162018,""recipient_tip_key_unwrap"":0.113951}","{""chunk_bytes"":65536,""payload_size_bytes"":10240,""recipient_index"":0,""recipients"":5,""stream_format"":""GCE-v2-SecretStream""}",5,0,65536,10436,8e015fd4cb8d56c54b8c9d9e0e695d6e815510f5,5.0.99,"{""backend/globaleaks/handlers/recipient/rtip.py"":""cb3235078545a5ea8d2ce8f6d4f9718499a29c26de49e2f9b763cc2f72e73e3e"",""backend/globaleaks/handlers/whistleblower/submission.py"":""5b0ffa938b25364c1b8ae8b2d14b7fa63c720c09f02ecf8f495b9a1d01190953"",""backend/globaleaks/jobs/delivery.py"":""7146617caa85fe73ab72fb5d051395f21e93091a91c801217d52455195323863"",""backend/globaleaks/utils/crypto.py"":""feccc66f8dba25ab9aa903260409bfd6e3a819b3b9634f9d9f2c290bee2521b5"",""backend/requirements/requirements.txt.noble"":""8eae78b00ac8762b4ccaaee6db49cc6acd8b95583d98ecbdd6fe8e22055ec199""}","{""PyNaCl"":""1.5.0"",""Twisted"":""24.3.0"",""cryptography"":""41.0.7"",""pyotp"":""2.9.0""}",GCE-v2-SecretStream
GLRecipientOpen/globaleaks-5.0.99/one-recipient-tip-answers-filemeta-gcev2/v1,0c83ba1681bd140e4f290506635869053deb5d50cd29d6138c03c1906332d6e4,comparison,xeon-server,10240,GLRecipientOpen,17,0.730908000,0.725941000,"{""answers_decryption"":0.110022,""file_metadata_decryption"":0.325968,""gce_v2_file_decryption"":0.180849,""recipient_tip_key_unwrap"":0.109102}","{""chunk_bytes"":65536,""payload_size_bytes"":10240,""recipient_index"":1,""recipients"":5,""stream_format"":""GCE-v2-SecretStream""}",5,1,65536,10436,8e015fd4cb8d56c54b8c9d9e0e695d6e815510f5,5.0.99,"{""backend/globaleaks/handlers/recipient/rtip.py"":""cb3235078545a5ea8d2ce8f6d4f9718499a29c26de49e2f9b763cc2f72e73e3e"",""backend/globaleaks/handlers/whistleblower/submission.py"":""5b0ffa938b25364c1b8ae8b2d14b7fa63c720c09f02ecf8f495b9a1d01190953"",""backend/globaleaks/jobs/delivery.py"":""7146617caa85fe73ab72fb5d051395f21e93091a91c801217d52455195323863"",""backend/globaleaks/utils/crypto.py"":""feccc66f8dba25ab9aa903260409bfd6e3a819b3b9634f9d9f2c290bee2521b5"",""backend/requirements/requirements.txt.noble"":""8eae78b00ac8762b4ccaaee6db49cc6acd8b95583d98ecbdd6fe8e22055ec199""}","{""PyNaCl"":""1.5.0"",""Twisted"":""24.3.0"",""cryptography"":""41.0.7"",""pyotp"":""2.9.0""}",GCE-v2-SecretStream
GLRecipientOpen/globaleaks-5.0.99/one-recipient-tip-answers-filemeta-gcev2/v1,0c83ba1681bd140e4f290506635869053deb5d50cd29d6138c03c1906332d6e4,comparison,xeon-server,10240,GLRecipientOpen,18,0.911466000,0.905824000,"{""answers_decryption"":0.161209,""file_metadata_decryption"":0.422166,""gce_v2_file_decryption"":0.162589,""recipient_tip_key_unwrap"":0.15986}","{""chunk_bytes"":65536,""payload_size_bytes"":10240,""recipient_index"":2,""recipients"":5,""stream_format"":""GCE-v2-SecretStream""}",5,2,65536,10436,8e015fd4cb8d56c54b8c9d9e0e695d6e815510f5,5.0.99,"{""backend/globaleaks/handlers/recipient/rtip.py"":""cb3235078545a5ea8d2ce8f6d4f9718499a29c26de49e2f9b763cc2f72e73e3e"",""backend/globaleaks/handlers/whistleblower/submission.py"":""5b0ffa938b25364c1b8ae8b2d14b7fa63c720c09f02ecf8f495b9a1d01190953"",""backend/globaleaks/jobs/delivery.py"":""7146617caa85fe73ab72fb5d051395f21e93091a91c801217d52455195323863"",""backend/globaleaks/utils/crypto.py"":""feccc66f8dba25ab9aa903260409bfd6e3a819b3b9634f9d9f2c290bee2521b5"",""backend/requirements/requirements.txt.noble"":""8eae78b00ac8762b4ccaaee6db49cc6acd8b95583d98ecbdd6fe8e22055ec199""}","{""PyNaCl"":""1.5.0"",""Twisted"":""24.3.0"",""cryptography"":""41.0.7"",""pyotp"":""2.9.0""}",GCE-v2-SecretStream
GLRecipientOpen/globaleaks-5.0.99/one-recipient-tip-answers-filemeta-gcev2/v1,0c83ba1681bd140e4f290506635869053deb5d50cd29d6138c03c1906332d6e4,comparison,xeon-server,10240,GLRecipientOpen,19,0.711354000,0.706593000,"{""answers_decryption"":0.109494,""file_metadata_decryption"":0.317429,""gce_v2_file_decryption"":0.170791,""recipient_tip_key_unwrap"":0.108879}","{""chunk_bytes"":65536,""payload_size_bytes"":10240,""recipient_index"":3,""recipients"":5,""stream_format"":""GCE-v2-SecretStream""}",5,3,65536,10436,8e015fd4cb8d56c54b8c9d9e0e695d6e815510f5,5.0.99,"{""backend/globaleaks/handlers/recipient/rtip.py"":""cb3235078545a5ea8d2ce8f6d4f9718499a29c26de49e2f9b763cc2f72e73e3e"",""backend/globaleaks/handlers/whistleblower/submission.py"":""5b0ffa938b25364c1b8ae8b2d14b7fa63c720c09f02ecf8f495b9a1d01190953"",""backend/globaleaks/jobs/delivery.py"":""7146617caa85fe73ab72fb5d051395f21e93091a91c801217d52455195323863"",""backend/globaleaks/utils/crypto.py"":""feccc66f8dba25ab9aa903260409bfd6e3a819b3b9634f9d9f2c290bee2521b5"",""backend/requirements/requirements.txt.noble"":""8eae78b00ac8762b4ccaaee6db49cc6acd8b95583d98ecbdd6fe8e22055ec199""}","{""PyNaCl"":""1.5.0"",""Twisted"":""24.3.0"",""cryptography"":""41.0.7"",""pyotp"":""2.9.0""}",GCE-v2-SecretStream
GLRecipientOpen/globaleaks-5.0.99/one-recipient-tip-answers-filemeta-gcev2/v1,0c83ba1681bd140e4f290506635869053deb5d50cd29d6138c03c1906332d6e4,comparison,xeon-server,10240,GLRecipientOpen,20,0.711300000,0.706865000,"{""answers_decryption"":0.109662,""file_metadata_decryption"":0.31733,""gce_v2_file_decryption"":0.166663,""recipient_tip_key_unwrap"":0.11321}","{""chunk_bytes"":65536,""payload_size_bytes"":10240,""recipient_index"":4,""recipients"":5,""stream_format"":""GCE-v2-SecretStream""}",5,4,65536,10436,8e015fd4cb8d56c54b8c9d9e0e695d6e815510f5,5.0.99,"{""backend/globaleaks/handlers/recipient/rtip.py"":""cb3235078545a5ea8d2ce8f6d4f9718499a29c26de49e2f9b763cc2f72e73e3e"",""backend/globaleaks/handlers/whistleblower/submission.py"":""5b0ffa938b25364c1b8ae8b2d14b7fa63c720c09f02ecf8f495b9a1d01190953"",""backend/globaleaks/jobs/delivery.py"":""7146617caa85fe73ab72fb5d051395f21e93091a91c801217d52455195323863"",""backend/globaleaks/utils/crypto.py"":""feccc66f8dba25ab9aa903260409bfd6e3a819b3b9634f9d9f2c290bee2521b5"",""backend/requirements/requirements.txt.noble"":""8eae78b00ac8762b4ccaaee6db49cc6acd8b95583d98ecbdd6fe8e22055ec199""}","{""PyNaCl"":""1.5.0"",""Twisted"":""24.3.0"",""cryptography"":""41.0.7"",""pyotp"":""2.9.0""}",GCE-v2-SecretStream
GLRecipientOpen/globaleaks-5.0.99/one-recipient-tip-answers-filemeta-gcev2/v1,0c83ba1681bd140e4f290506635869053deb5d50cd29d6138c03c1906332d6e4,comparison,xeon-server,10240,GLRecipientOpen,21,0.710775000,0.706380000,"{""answers_decryption"":0.110187,""file_metadata_decryption"":0.317327,""gce_v2_file_decryption"":0.16392,""recipient_tip_key_unwrap"":0.114946}","{""chunk_bytes"":65536,""payload_size_bytes"":10240,""recipient_index"":0,""recipients"":5,""stream_format"":""GCE-v2-SecretStream""}",5,0,65536,10436,8e015fd4cb8d56c54b8c9d9e0e695d6e815510f5,5.0.99,"{""backend/globaleaks/handlers/recipient/rtip.py"":""cb3235078545a5ea8d2ce8f6d4f9718499a29c26de49e2f9b763cc2f72e73e3e"",""backend/globaleaks/handlers/whistleblower/submission.py"":""5b0ffa938b25364c1b8ae8b2d14b7fa63c720c09f02ecf8f495b9a1d01190953"",""backend/globaleaks/jobs/delivery.py"":""7146617caa85fe73ab72fb5d051395f21e93091a91c801217d52455195323863"",""backend/globaleaks/utils/crypto.py"":""feccc66f8dba25ab9aa903260409bfd6e3a819b3b9634f9d9f2c290bee2521b5"",""backend/requirements/requirements.txt.noble"":""8eae78b00ac8762b4ccaaee6db49cc6acd8b95583d98ecbdd6fe8e22055ec199""}","{""PyNaCl"":""1.5.0"",""Twisted"":""24.3.0"",""cryptography"":""41.0.7"",""pyotp"":""2.9.0""}",GCE-v2-SecretStream
GLRecipientOpen/globaleaks-5.0.99/one-recipient-tip-answers-filemeta-gcev2/v1,0c83ba1681bd140e4f290506635869053deb5d50cd29d6138c03c1906332d6e4,comparison,xeon-server,10240,GLRecipientOpen,22,0.708859000,0.704454000,"{""answers_decryption"":0.109817,""file_metadata_decryption"":0.323302,""gce_v2_file_decryption"":0.162513,""recipient_tip_key_unwrap"":0.108822}","{""chunk_bytes"":65536,""payload_size_bytes"":10240,""recipient_index"":1,""recipients"":5,""stream_format"":""GCE-v2-SecretStream""}",5,1,65536,10436,8e015fd4cb8d56c54b8c9d9e0e695d6e815510f5,5.0.99,"{""backend/globaleaks/handlers/recipient/rtip.py"":""cb3235078545a5ea8d2ce8f6d4f9718499a29c26de49e2f9b763cc2f72e73e3e"",""backend/globaleaks/handlers/whistleblower/submission.py"":""5b0ffa938b25364c1b8ae8b2d14b7fa63c720c09f02ecf8f495b9a1d01190953"",""backend/globaleaks/jobs/delivery.py"":""7146617caa85fe73ab72fb5d051395f21e93091a91c801217d52455195323863"",""backend/globaleaks/utils/crypto.py"":""feccc66f8dba25ab9aa903260409bfd6e3a819b3b9634f9d9f2c290bee2521b5"",""backend/requirements/requirements.txt.noble"":""8eae78b00ac8762b4ccaaee6db49cc6acd8b95583d98ecbdd6fe8e22055ec199""}","{""PyNaCl"":""1.5.0"",""Twisted"":""24.3.0"",""cryptography"":""41.0.7"",""pyotp"":""2.9.0""}",GCE-v2-SecretStream
GLRecipientOpen/globaleaks-5.0.99/one-recipient-tip-answers-filemeta-gcev2/v1,0c83ba1681bd140e4f290506635869053deb5d50cd29d6138c03c1906332d6e4,comparison,xeon-server,10240,GLRecipientOpen,23,0.707677000,0.703037000,"{""answers_decryption"":0.10968,""file_metadata_decryption"":0.317016,""gce_v2_file_decryption"":0.167598,""recipient_tip_key_unwrap"":0.108743}","{""chunk_bytes"":65536,""payload_size_bytes"":10240,""recipient_index"":2,""recipients"":5,""stream_format"":""GCE-v2-SecretStream""}",5,2,65536,10436,8e015fd4cb8d56c54b8c9d9e0e695d6e815510f5,5.0.99,"{""backend/globaleaks/handlers/recipient/rtip.py"":""cb3235078545a5ea8d2ce8f6d4f9718499a29c26de49e2f9b763cc2f72e73e3e"",""backend/globaleaks/handlers/whistleblower/submission.py"":""5b0ffa938b25364c1b8ae8b2d14b7fa63c720c09f02ecf8f495b9a1d01190953"",""backend/globaleaks/jobs/delivery.py"":""7146617caa85fe73ab72fb5d051395f21e93091a91c801217d52455195323863"",""backend/globaleaks/utils/crypto.py"":""feccc66f8dba25ab9aa903260409bfd6e3a819b3b9634f9d9f2c290bee2521b5"",""backend/requirements/requirements.txt.noble"":""8eae78b00ac8762b4ccaaee6db49cc6acd8b95583d98ecbdd6fe8e22055ec199""}","{""PyNaCl"":""1.5.0"",""Twisted"":""24.3.0"",""cryptography"":""41.0.7"",""pyotp"":""2.9.0""}",GCE-v2-SecretStream
GLRecipientOpen/globaleaks-5.0.99/one-recipient-tip-answers-filemeta-gcev2/v1,0c83ba1681bd140e4f290506635869053deb5d50cd29d6138c03c1906332d6e4,comparison,xeon-server,10240,GLRecipientOpen,24,0.702606000,0.697738000,"{""answers_decryption"":0.109796,""file_metadata_decryption"":0.317549,""gce_v2_file_decryption"":0.161902,""recipient_tip_key_unwrap"":0.108491}","{""chunk_bytes"":65536,""payload_size_bytes"":10240,""recipient_index"":3,""recipients"":5,""stream_format"":""GCE-v2-SecretStream""}",5,3,65536,10436,8e015fd4cb8d56c54b8c9d9e0e695d6e815510f5,5.0.99,"{""backend/globaleaks/handlers/recipient/rtip.py"":""cb3235078545a5ea8d2ce8f6d4f9718499a29c26de49e2f9b763cc2f72e73e3e"",""backend/globaleaks/handlers/whistleblower/submission.py"":""5b0ffa938b25364c1b8ae8b2d14b7fa63c720c09f02ecf8f495b9a1d01190953"",""backend/globaleaks/jobs/delivery.py"":""7146617caa85fe73ab72fb5d051395f21e93091a91c801217d52455195323863"",""backend/globaleaks/utils/crypto.py"":""feccc66f8dba25ab9aa903260409bfd6e3a819b3b9634f9d9f2c290bee2521b5"",""backend/requirements/requirements.txt.noble"":""8eae78b00ac8762b4ccaaee6db49cc6acd8b95583d98ecbdd6fe8e22055ec199""}","{""PyNaCl"":""1.5.0"",""Twisted"":""24.3.0"",""cryptography"":""41.0.7"",""pyotp"":""2.9.0""}",GCE-v2-SecretStream
GLRecipientOpen/globaleaks-5.0.99/one-recipient-tip-answers-filemeta-gcev2/v1,0c83ba1681bd140e4f290506635869053deb5d50cd29d6138c03c1906332d6e4,comparison,xeon-server,10240,GLRecipientOpen,25,0.708372000,0.703781000,"{""answers_decryption"":0.109968,""file_metadata_decryption"":0.317646,""gce_v2_file_decryption"":0.162514,""recipient_tip_key_unwrap"":0.113653}","{""chunk_bytes"":65536,""payload_size_bytes"":10240,""recipient_index"":4,""recipients"":5,""stream_format"":""GCE-v2-SecretStream""}",5,4,65536,10436,8e015fd4cb8d56c54b8c9d9e0e695d6e815510f5,5.0.99,"{""backend/globaleaks/handlers/recipient/rtip.py"":""cb3235078545a5ea8d2ce8f6d4f9718499a29c26de49e2f9b763cc2f72e73e3e"",""backend/globaleaks/handlers/whistleblower/submission.py"":""5b0ffa938b25364c1b8ae8b2d14b7fa63c720c09f02ecf8f495b9a1d01190953"",""backend/globaleaks/jobs/delivery.py"":""7146617caa85fe73ab72fb5d051395f21e93091a91c801217d52455195323863"",""backend/globaleaks/utils/crypto.py"":""feccc66f8dba25ab9aa903260409bfd6e3a819b3b9634f9d9f2c290bee2521b5"",""backend/requirements/requirements.txt.noble"":""8eae78b00ac8762b4ccaaee6db49cc6acd8b95583d98ecbdd6fe8e22055ec199""}","{""PyNaCl"":""1.5.0"",""Twisted"":""24.3.0"",""cryptography"":""41.0.7"",""pyotp"":""2.9.0""}",GCE-v2-SecretStream
GLRecipientOpen/globaleaks-5.0.99/one-recipient-tip-answers-filemeta-gcev2/v1,0c83ba1681bd140e4f290506635869053deb5d50cd29d6138c03c1906332d6e4,comparison,xeon-server,10240,GLRecipientOpen,26,0.706795000,0.702260000,"{""answers_decryption"":0.10919,""file_metadata_decryption"":0.322332,""gce_v2_file_decryption"":0.16225,""recipient_tip_key_unwrap"":0.108488}","{""chunk_bytes"":65536,""payload_size_bytes"":10240,""recipient_index"":0,""recipients"":5,""stream_format"":""GCE-v2-SecretStream""}",5,0,65536,10436,8e015fd4cb8d56c54b8c9d9e0e695d6e815510f5,5.0.99,"{""backend/globaleaks/handlers/recipient/rtip.py"":""cb3235078545a5ea8d2ce8f6d4f9718499a29c26de49e2f9b763cc2f72e73e3e"",""backend/globaleaks/handlers/whistleblower/submission.py"":""5b0ffa938b25364c1b8ae8b2d14b7fa63c720c09f02ecf8f495b9a1d01190953"",""backend/globaleaks/jobs/delivery.py"":""7146617caa85fe73ab72fb5d051395f21e93091a91c801217d52455195323863"",""backend/globaleaks/utils/crypto.py"":""feccc66f8dba25ab9aa903260409bfd6e3a819b3b9634f9d9f2c290bee2521b5"",""backend/requirements/requirements.txt.noble"":""8eae78b00ac8762b4ccaaee6db49cc6acd8b95583d98ecbdd6fe8e22055ec199""}","{""PyNaCl"":""1.5.0"",""Twisted"":""24.3.0"",""cryptography"":""41.0.7"",""pyotp"":""2.9.0""}",GCE-v2-SecretStream
GLRecipientOpen/globaleaks-5.0.99/one-recipient-tip-answers-filemeta-gcev2/v1,0c83ba1681bd140e4f290506635869053deb5d50cd29d6138c03c1906332d6e4,comparison,xeon-server,10240,GLRecipientOpen,27,0.708384000,0.703991000,"{""answers_decryption"":0.109487,""file_metadata_decryption"":0.317149,""gce_v2_file_decryption"":0.168662,""recipient_tip_key_unwrap"":0.108693}","{""chunk_bytes"":65536,""payload_size_bytes"":10240,""recipient_index"":1,""recipients"":5,""stream_format"":""GCE-v2-SecretStream""}",5,1,65536,10436,8e015fd4cb8d56c54b8c9d9e0e695d6e815510f5,5.0.99,"{""backend/globaleaks/handlers/recipient/rtip.py"":""cb3235078545a5ea8d2ce8f6d4f9718499a29c26de49e2f9b763cc2f72e73e3e"",""backend/globaleaks/handlers/whistleblower/submission.py"":""5b0ffa938b25364c1b8ae8b2d14b7fa63c720c09f02ecf8f495b9a1d01190953"",""backend/globaleaks/jobs/delivery.py"":""7146617caa85fe73ab72fb5d051395f21e93091a91c801217d52455195323863"",""backend/globaleaks/utils/crypto.py"":""feccc66f8dba25ab9aa903260409bfd6e3a819b3b9634f9d9f2c290bee2521b5"",""backend/requirements/requirements.txt.noble"":""8eae78b00ac8762b4ccaaee6db49cc6acd8b95583d98ecbdd6fe8e22055ec199""}","{""PyNaCl"":""1.5.0"",""Twisted"":""24.3.0"",""cryptography"":""41.0.7"",""pyotp"":""2.9.0""}",GCE-v2-SecretStream
GLRecipientOpen/globaleaks-5.0.99/one-recipient-tip-answers-filemeta-gcev2/v1,0c83ba1681bd140e4f290506635869053deb5d50cd29d6138c03c1906332d6e4,comparison,xeon-server,10240,GLRecipientOpen,28,0.702299000,0.697978000,"{""answers_decryption"":0.109904,""file_metadata_decryption"":0.317472,""gce_v2_file_decryption"":0.161627,""recipient_tip_key_unwrap"":0.108975}","{""chunk_bytes"":65536,""payload_size_bytes"":10240,""recipient_index"":2,""recipients"":5,""stream_format"":""GCE-v2-SecretStream""}",5,2,65536,10436,8e015fd4cb8d56c54b8c9d9e0e695d6e815510f5,5.0.99,"{""backend/globaleaks/handlers/recipient/rtip.py"":""cb3235078545a5ea8d2ce8f6d4f9718499a29c26de49e2f9b763cc2f72e73e3e"",""backend/globaleaks/handlers/whistleblower/submission.py"":""5b0ffa938b25364c1b8ae8b2d14b7fa63c720c09f02ecf8f495b9a1d01190953"",""backend/globaleaks/jobs/delivery.py"":""7146617caa85fe73ab72fb5d051395f21e93091a91c801217d52455195323863"",""backend/globaleaks/utils/crypto.py"":""feccc66f8dba25ab9aa903260409bfd6e3a819b3b9634f9d9f2c290bee2521b5"",""backend/requirements/requirements.txt.noble"":""8eae78b00ac8762b4ccaaee6db49cc6acd8b95583d98ecbdd6fe8e22055ec199""}","{""PyNaCl"":""1.5.0"",""Twisted"":""24.3.0"",""cryptography"":""41.0.7"",""pyotp"":""2.9.0""}",GCE-v2-SecretStream
GLRecipientOpen/globaleaks-5.0.99/one-recipient-tip-answers-filemeta-gcev2/v1,0c83ba1681bd140e4f290506635869053deb5d50cd29d6138c03c1906332d6e4,comparison,xeon-server,10240,GLRecipientOpen,29,0.710237000,0.705559000,"{""answers_decryption"":0.115722,""file_metadata_decryption"":0.3174,""gce_v2_file_decryption"":0.163339,""recipient_tip_key_unwrap"":0.109098}","{""chunk_bytes"":65536,""payload_size_bytes"":10240,""recipient_index"":3,""recipients"":5,""stream_format"":""GCE-v2-SecretStream""}",5,3,65536,10436,8e015fd4cb8d56c54b8c9d9e0e695d6e815510f5,5.0.99,"{""backend/globaleaks/handlers/recipient/rtip.py"":""cb3235078545a5ea8d2ce8f6d4f9718499a29c26de49e2f9b763cc2f72e73e3e"",""backend/globaleaks/handlers/whistleblower/submission.py"":""5b0ffa938b25364c1b8ae8b2d14b7fa63c720c09f02ecf8f495b9a1d01190953"",""backend/globaleaks/jobs/delivery.py"":""7146617caa85fe73ab72fb5d051395f21e93091a91c801217d52455195323863"",""backend/globaleaks/utils/crypto.py"":""feccc66f8dba25ab9aa903260409bfd6e3a819b3b9634f9d9f2c290bee2521b5"",""backend/requirements/requirements.txt.noble"":""8eae78b00ac8762b4ccaaee6db49cc6acd8b95583d98ecbdd6fe8e22055ec199""}","{""PyNaCl"":""1.5.0"",""Twisted"":""24.3.0"",""cryptography"":""41.0.7"",""pyotp"":""2.9.0""}",GCE-v2-SecretStream
GLRecipientOpen/globaleaks-5.0.99/one-recipient-tip-answers-filemeta-gcev2/v1,0c83ba1681bd140e4f290506635869053deb5d50cd29d6138c03c1906332d6e4,comparison,xeon-server,10240,GLRecipientOpen,30,0.913720000,0.907948000,"{""answers_decryption"":0.161361,""file_metadata_decryption"":0.425192,""gce_v2_file_decryption"":0.161597,""recipient_tip_key_unwrap"":0.159798}","{""chunk_bytes"":65536,""payload_size_bytes"":10240,""recipient_index"":4,""recipients"":5,""stream_format"":""GCE-v2-SecretStream""}",5,4,65536,10436,8e015fd4cb8d56c54b8c9d9e0e695d6e815510f5,5.0.99,"{""backend/globaleaks/handlers/recipient/rtip.py"":""cb3235078545a5ea8d2ce8f6d4f9718499a29c26de49e2f9b763cc2f72e73e3e"",""backend/globaleaks/handlers/whistleblower/submission.py"":""5b0ffa938b25364c1b8ae8b2d14b7fa63c720c09f02ecf8f495b9a1d01190953"",""backend/globaleaks/jobs/delivery.py"":""7146617caa85fe73ab72fb5d051395f21e93091a91c801217d52455195323863"",""backend/globaleaks/utils/crypto.py"":""feccc66f8dba25ab9aa903260409bfd6e3a819b3b9634f9d9f2c290bee2521b5"",""backend/requirements/requirements.txt.noble"":""8eae78b00ac8762b4ccaaee6db49cc6acd8b95583d98ecbdd6fe8e22055ec199""}","{""PyNaCl"":""1.5.0"",""Twisted"":""24.3.0"",""cryptography"":""41.0.7"",""pyotp"":""2.9.0""}",GCE-v2-SecretStream
GLRecipientOpenAggregate5/globaleaks-5.0.99/serial-audit-only/v1,0c83ba1681bd140e4f290506635869053deb5d50cd29d6138c03c1906332d6e4,comparison,xeon-server,10240,GLRecipientOpenAggregate5,1,3.537878000,3.530065000,"{""recipient_0"":0.711223,""recipient_1"":0.70583,""recipient_2"":0.695797,""recipient_3"":0.700535,""recipient_4"":0.71668}","{""chunk_bytes"":65536,""payload_size_bytes"":10240,""recipient_index"":""all"",""recipients"":5,""stream_format"":""GCE-v2-SecretStream""}",5,all,65536,10436,8e015fd4cb8d56c54b8c9d9e0e695d6e815510f5,5.0.99,"{""backend/globaleaks/handlers/recipient/rtip.py"":""cb3235078545a5ea8d2ce8f6d4f9718499a29c26de49e2f9b763cc2f72e73e3e"",""backend/globaleaks/handlers/whistleblower/submission.py"":""5b0ffa938b25364c1b8ae8b2d14b7fa63c720c09f02ecf8f495b9a1d01190953"",""backend/globaleaks/jobs/delivery.py"":""7146617caa85fe73ab72fb5d051395f21e93091a91c801217d52455195323863"",""backend/globaleaks/utils/crypto.py"":""feccc66f8dba25ab9aa903260409bfd6e3a819b3b9634f9d9f2c290bee2521b5"",""backend/requirements/requirements.txt.noble"":""8eae78b00ac8762b4ccaaee6db49cc6acd8b95583d98ecbdd6fe8e22055ec199""}","{""PyNaCl"":""1.5.0"",""Twisted"":""24.3.0"",""cryptography"":""41.0.7"",""pyotp"":""2.9.0""}",GCE-v2-SecretStream
